<?xml version='1.0' encoding='UTF-8'?>
<kml xmlns='http://www.opengis.net/kml/2.2'>
  <Document>
    <name>balloons.kml</name>
    <Placemark>
      <name>Drone 1</name>
      <Style>
        <IconStyle>
          <color>ff0000ff</color>
          <scale>0.6</scale>
          <Icon>
            <href>http://maps.google.com/mapfiles/kml/shapes/placemark_circle.png</href>
          </Icon>
        </IconStyle>
      </Style>
      <Point>
        <altitudeMode>absolute</altitudeMode>
        <coordinates>-91.783716,37.94800132316794,377.76114218921896</coordinates>
      </Point>
    </Placemark>
    <Placemark>
      <name>Drone 2</name>
      <Style>
        <IconStyle>
          <color>ff0000ff</color>
          <scale>0.6</scale>
          <Icon>
            <href>http://maps.google.com/mapfiles/kml/shapes/placemark_circle.png</href>
          </Icon>
        </IconStyle>
      </Style>
      <Point>
        <altitudeMode>absolute</altitudeMode>
        <coordinates>-91.783716,37.94757711174132,336.63114218921896</coordinates>
      </Point>
    </Placemark>
    <Placemark>
      <name>Drone 3</name>
      <Style>
        <IconStyle>
          <color>ff0000ff</color>
          <scale>0.6</scale>
          <Icon>
            <href>http://maps.google.com/mapfiles/kml/shapes/placemark_circle.png</href>
          </Icon>
        </IconStyle>
      </Style>
      <Point>
        <altitudeMode>absolute</altitudeMode>
        <coordinates>-91.783716,37.94800132316794,377.76114218921896</coordinates>
      </Point>
    </Placemark>
    <Placemark>
      <name>Drone 4</name>
      <Style>
        <IconStyle>
          <color>ff0000ff</color>
          <scale>0.6</scale>
          <Icon>
            <href>http://maps.google.com/mapfiles/kml/shapes/placemark_circle.png</href>
          </Icon>
        </IconStyle>
      </Style>
      <Point>
        <altitudeMode>absolute</altitudeMode>
        <coordinates>-91.783716,37.94757711174132,336.63114218921896</coordinates>
      </Point>
    </Placemark>
    <Placemark>
      <name>Drone 5</name>
      <Style>
        <IconStyle>
          <color>ff0000ff</color>
          <scale>0.6</scale>
          <Icon>
            <href>http://maps.google.com/mapfiles/kml/shapes/placemark_circle.png</href>
          </Icon>
        </IconStyle>
      </Style>
      <Point>
        <altitudeMode>absolute</altitudeMode>
        <coordinates>-91.783716,37.94701983287166,395.08914218921893</coordinates>
      </Point>
    </Placemark>
    <Placemark>
      <name>Drone 6</name>
      <Style>
        <IconStyle>
          <color>ff0000ff</color>
          <scale>0.6</scale>
          <Icon>
            <href>http://maps.google.com/mapfiles/kml/shapes/placemark_circle.png</href>
          </Icon>
        </IconStyle>
      </Style>
      <Point>
        <altitudeMode>absolute</altitudeMode>
        <coordinates>-91.783716,37.94757711174132,336.63114218921896</coordinates>
      </Point>
    </Placemark>
    <Placemark>
      <name>Drone 7</name>
      <Style>
        <IconStyle>
          <color>ff0000ff</color>
          <scale>0.6</scale>
          <Icon>
            <href>http://maps.google.com/mapfiles/kml/shapes/placemark_circle.png</href>
          </Icon>
        </IconStyle>
      </Style>
      <Point>
        <altitudeMode>absolute</altitudeMode>
        <coordinates>-91.783716,37.94701983287166,395.08914218921893</coordinates>
      </Point>
    </Placemark>
    <Placemark>
      <name>Drone 8</name>
      <Style>
        <IconStyle>
          <color>ff0000ff</color>
          <scale>0.6</scale>
          <Icon>
            <href>http://maps.google.com/mapfiles/kml/shapes/placemark_circle.png</href>
          </Icon>
        </IconStyle>
      </Style>
      <Point>
        <altitudeMode>absolute</altitudeMode>
        <coordinates>-91.783716,37.946722903737644,473.7001421892189</coordinates>
      </Point>
    </Placemark>
    <Placemark>
      <name>Drone 9</name>
      <Style>
        <IconStyle>
          <color>ff0000ff</color>
          <scale>0.6</scale>
          <Icon>
            <href>http://maps.google.com/mapfiles/kml/shapes/placemark_circle.png</href>
          </Icon>
        </IconStyle>
      </Style>
      <Point>
        <altitudeMode>absolute</altitudeMode>
        <coordinates>-91.783716,37.94701983287166,395.08914218921893</coordinates>
      </Point>
    </Placemark>
    <Placemark>
      <name>Drone 10</name>
      <Style>
        <IconStyle>
          <color>ff0000ff</color>
          <scale>0.6</scale>
          <Icon>
            <href>http://maps.google.com/mapfiles/kml/shapes/placemark_circle.png</href>
          </Icon>
        </IconStyle>
      </Style>
      <Point>
        <altitudeMode>absolute</altitudeMode>
        <coordinates>-91.783716,37.946722903737644,473.7001421892189</coordinates>
      </Point>
    </Placemark>
    <Placemark>
      <name>Drone 11</name>
      <Style>
        <IconStyle>
          <color>ff0000ff</color>
          <scale>0.6</scale>
          <Icon>
            <href>http://maps.google.com/mapfiles/kml/shapes/placemark_circle.png</href>
          </Icon>
        </IconStyle>
      </Style>
      <Point>
        <altitudeMode>absolute</altitudeMode>
        <coordinates>-91.783716,37.9474343065606,567.462142189219</coordinates>
      </Point>
    </Placemark>
    <Placemark>
      <name>Drone 12</name>
      <Style>
        <IconStyle>
          <color>ff0000ff</color>
          <scale>0.6</scale>
          <Icon>
            <href>http://maps.google.com/mapfiles/kml/shapes/placemark_circle.png</href>
          </Icon>
        </IconStyle>
      </Style>
      <Point>
        <altitudeMode>absolute</altitudeMode>
        <coordinates>-91.783716,37.946722903737644,473.7001421892189</coordinates>
      </Point>
    </Placemark>
    <Placemark>
      <name>Drone 13</name>
      <Style>
        <IconStyle>
          <color>ff0000ff</color>
          <scale>0.6</scale>
          <Icon>
            <href>http://maps.google.com/mapfiles/kml/shapes/placemark_circle.png</href>
          </Icon>
        </IconStyle>
      </Style>
      <Point>
        <altitudeMode>absolute</altitudeMode>
        <coordinates>-91.783716,37.946924026423716,535.164142189219</coordinates>
      </Point>
    </Placemark>
    <Placemark>
      <name>Drone 14</name>
      <Style>
        <IconStyle>
          <color>ff0000ff</color>
          <scale>0.6</scale>
          <Icon>
            <href>http://maps.google.com/mapfiles/kml/shapes/placemark_circle.png</href>
          </Icon>
        </IconStyle>
      </Style>
      <Point>
        <altitudeMode>absolute</altitudeMode>
        <coordinates>-91.783716,37.9474343065606,567.462142189219</coordinates>
      </Point>
    </Placemark>
    <Placemark>
      <name>Drone 15</name>
      <Style>
        <IconStyle>
          <color>ff0000ff</color>
          <scale>0.6</scale>
          <Icon>
            <href>http://maps.google.com/mapfiles/kml/shapes/placemark_circle.png</href>
          </Icon>
        </IconStyle>
      </Style>
      <Point>
        <altitudeMode>absolute</altitudeMode>
        <coordinates>-91.783716,37.94748957091688,576.102142189219</coordinates>
      </Point>
    </Placemark>
    <Placemark>
      <name>Drone 16</name>
      <Style>
        <IconStyle>
          <color>ff0000ff</color>
          <scale>0.6</scale>
          <Icon>
            <href>http://maps.google.com/mapfiles/kml/shapes/placemark_circle.png</href>
          </Icon>
        </IconStyle>
      </Style>
      <Point>
        <altitudeMode>absolute</altitudeMode>
        <coordinates>-91.783716,37.94748957091688,576.102142189219</coordinates>
      </Point>
    </Placemark>
    <Placemark>
      <name>Drone 17</name>
      <Style>
        <IconStyle>
          <color>ff0000ff</color>
          <scale>0.6</scale>
          <Icon>
            <href>http://maps.google.com/mapfiles/kml/shapes/placemark_circle.png</href>
          </Icon>
        </IconStyle>
      </Style>
      <Point>
        <altitudeMode>absolute</altitudeMode>
        <coordinates>-91.783716,37.94741194749318,582.254142189219</coordinates>
      </Point>
    </Placemark>
    <Placemark>
      <name>Drone 18</name>
      <Style>
        <IconStyle>
          <color>ff0000ff</color>
          <scale>0.6</scale>
          <Icon>
            <href>http://maps.google.com/mapfiles/kml/shapes/placemark_circle.png</href>
          </Icon>
        </IconStyle>
      </Style>
      <Point>
        <altitudeMode>absolute</altitudeMode>
        <coordinates>-91.783716,37.94741194749318,582.254142189219</coordinates>
      </Point>
    </Placemark>
    <Placemark>
      <name>Drone 19</name>
      <Style>
        <IconStyle>
          <color>ff0000ff</color>
          <scale>0.6</scale>
          <Icon>
            <href>http://maps.google.com/mapfiles/kml/shapes/placemark_circle.png</href>
          </Icon>
        </IconStyle>
      </Style>
      <Point>
        <altitudeMode>absolute</altitudeMode>
        <coordinates>-91.783716,37.94682471879195,545.146142189219</coordinates>
      </Point>
    </Placemark>
    <Placemark>
      <name>Drone 20</name>
      <Style>
        <IconStyle>
          <color>ff0000ff</color>
          <scale>0.6</scale>
          <Icon>
            <href>http://maps.google.com/mapfiles/kml/shapes/placemark_circle.png</href>
          </Icon>
        </IconStyle>
      </Style>
      <Point>
        <altitudeMode>absolute</altitudeMode>
        <coordinates>-91.783716,37.94741194749318,582.254142189219</coordinates>
      </Point>
    </Placemark>
    <Placemark>
      <name>Drone 21</name>
      <Style>
        <IconStyle>
          <color>ff0000ff</color>
          <scale>0.6</scale>
          <Icon>
            <href>http://maps.google.com/mapfiles/kml/shapes/placemark_circle.png</href>
          </Icon>
        </IconStyle>
      </Style>
      <Point>
        <altitudeMode>absolute</altitudeMode>
        <coordinates>-91.783716,37.94682471879195,545.146142189219</coordinates>
      </Point>
    </Placemark>
    <Placemark>
      <name>Drone 22</name>
      <Style>
        <IconStyle>
          <color>ff0000ff</color>
          <scale>0.6</scale>
          <Icon>
            <href>http://maps.google.com/mapfiles/kml/shapes/placemark_circle.png</href>
          </Icon>
        </IconStyle>
      </Style>
      <Point>
        <altitudeMode>absolute</altitudeMode>
        <coordinates>-91.783716,37.94658815644503,473.7001421892189</coordinates>
      </Point>
    </Placemark>
    <Placemark>
      <name>Drone 23</name>
      <Style>
        <IconStyle>
          <color>ff0000ff</color>
          <scale>0.6</scale>
          <Icon>
            <href>http://maps.google.com/mapfiles/kml/shapes/placemark_circle.png</href>
          </Icon>
        </IconStyle>
      </Style>
      <Point>
        <altitudeMode>absolute</altitudeMode>
        <coordinates>-91.783716,37.94682471879195,545.146142189219</coordinates>
      </Point>
    </Placemark>
    <Placemark>
      <name>Drone 24</name>
      <Style>
        <IconStyle>
          <color>ff0000ff</color>
          <scale>0.6</scale>
          <Icon>
            <href>http://maps.google.com/mapfiles/kml/shapes/placemark_circle.png</href>
          </Icon>
        </IconStyle>
      </Style>
      <Point>
        <altitudeMode>absolute</altitudeMode>
        <coordinates>-91.783716,37.94658815644503,473.7001421892189</coordinates>
      </Point>
    </Placemark>
    <Placemark>
      <name>Drone 25</name>
      <Style>
        <IconStyle>
          <color>ff0000ff</color>
          <scale>0.6</scale>
          <Icon>
            <href>http://maps.google.com/mapfiles/kml/shapes/placemark_circle.png</href>
          </Icon>
        </IconStyle>
      </Style>
      <Point>
        <altitudeMode>absolute</altitudeMode>
        <coordinates>-91.783716,37.946913607089314,385.86214218921896</coordinates>
      </Point>
    </Placemark>
    <Placemark>
      <name>Drone 26</name>
      <Style>
        <IconStyle>
          <color>ff0000ff</color>
          <scale>0.6</scale>
          <Icon>
            <href>http://maps.google.com/mapfiles/kml/shapes/placemark_circle.png</href>
          </Icon>
        </IconStyle>
      </Style>
      <Point>
        <altitudeMode>absolute</altitudeMode>
        <coordinates>-91.783716,37.94658815644503,473.7001421892189</coordinates>
      </Point>
    </Placemark>
    <Placemark>
      <name>Drone 27</name>
      <Style>
        <IconStyle>
          <color>ff0000ff</color>
          <scale>0.6</scale>
          <Icon>
            <href>http://maps.google.com/mapfiles/kml/shapes/placemark_circle.png</href>
          </Icon>
        </IconStyle>
      </Style>
      <Point>
        <altitudeMode>absolute</altitudeMode>
        <coordinates>-91.783716,37.946913607089314,385.86214218921896</coordinates>
      </Point>
    </Placemark>
    <Placemark>
      <name>Drone 28</name>
      <Style>
        <IconStyle>
          <color>ff0000ff</color>
          <scale>0.6</scale>
          <Icon>
            <href>http://maps.google.com/mapfiles/kml/shapes/placemark_circle.png</href>
          </Icon>
        </IconStyle>
      </Style>
      <Point>
        <altitudeMode>absolute</altitudeMode>
        <coordinates>-91.783716,37.94748636393131,325.409142189219</coordinates>
      </Point>
    </Placemark>
    <Placemark>
      <name>Drone 29</name>
      <Style>
        <IconStyle>
          <color>ff0000ff</color>
          <scale>0.6</scale>
          <Icon>
            <href>http://maps.google.com/mapfiles/kml/shapes/placemark_circle.png</href>
          </Icon>
        </IconStyle>
      </Style>
      <Point>
        <altitudeMode>absolute</altitudeMode>
        <coordinates>-91.783716,37.946913607089314,385.86214218921896</coordinates>
      </Point>
    </Placemark>
    <Placemark>
      <name>Drone 30</name>
      <Style>
        <IconStyle>
          <color>ff0000ff</color>
          <scale>0.6</scale>
          <Icon>
            <href>http://maps.google.com/mapfiles/kml/shapes/placemark_circle.png</href>
          </Icon>
        </IconStyle>
      </Style>
      <Point>
        <altitudeMode>absolute</altitudeMode>
        <coordinates>-91.783716,37.94748636393131,325.409142189219</coordinates>
      </Point>
    </Placemark>
    <Placemark>
      <name>Drone 31</name>
      <Style>
        <IconStyle>
          <color>ff0000ff</color>
          <scale>0.6</scale>
          <Icon>
            <href>http://maps.google.com/mapfiles/kml/shapes/placemark_circle.png</href>
          </Icon>
        </IconStyle>
      </Style>
      <Point>
        <altitudeMode>absolute</altitudeMode>
        <coordinates>-91.783716,37.94739108861228,308.06414218921896</coordinates>
      </Point>
    </Placemark>
    <Placemark>
      <name>Drone 32</name>
      <Style>
        <IconStyle>
          <color>ff0000ff</color>
          <scale>0.6</scale>
          <Icon>
            <href>http://maps.google.com/mapfiles/kml/shapes/placemark_circle.png</href>
          </Icon>
        </IconStyle>
      </Style>
      <Point>
        <altitudeMode>absolute</altitudeMode>
        <coordinates>-91.783716,37.94748636393131,325.409142189219</coordinates>
      </Point>
    </Placemark>
    <Placemark>
      <name>Drone 33</name>
      <Style>
        <IconStyle>
          <color>ff0000ff</color>
          <scale>0.6</scale>
          <Icon>
            <href>http://maps.google.com/mapfiles/kml/shapes/placemark_circle.png</href>
          </Icon>
        </IconStyle>
      </Style>
      <Point>
        <altitudeMode>absolute</altitudeMode>
        <coordinates>-91.783716,37.94739108861228,308.06414218921896</coordinates>
      </Point>
    </Placemark>
    <Placemark>
      <name>Drone 34</name>
      <Style>
        <IconStyle>
          <color>ff0000ff</color>
          <scale>0.6</scale>
          <Icon>
            <href>http://maps.google.com/mapfiles/kml/shapes/placemark_circle.png</href>
          </Icon>
        </IconStyle>
      </Style>
      <Point>
        <altitudeMode>absolute</altitudeMode>
        <coordinates>-91.783716,37.94739108861228,308.06414218921896</coordinates>
      </Point>
    </Placemark>
    <Placemark>
      <name>Drone 35</name>
      <Style>
        <IconStyle>
          <color>ff0000ff</color>
          <scale>0.6</scale>
          <Icon>
            <href>http://maps.google.com/mapfiles/kml/shapes/placemark_circle.png</href>
          </Icon>
        </IconStyle>
      </Style>
      <Point>
        <altitudeMode>absolute</altitudeMode>
        <coordinates>-91.783716,37.94738979503827,300.48314218921894</coordinates>
      </Point>
    </Placemark>
    <Placemark>
      <name>Drone 36</name>
      <Style>
        <IconStyle>
          <color>ff0000ff</color>
          <scale>0.6</scale>
          <Icon>
            <href>http://maps.google.com/mapfiles/kml/shapes/placemark_circle.png</href>
          </Icon>
        </IconStyle>
      </Style>
      <Point>
        <altitudeMode>absolute</altitudeMode>
        <coordinates>-91.783716,37.94738979503827,300.48314218921894</coordinates>
      </Point>
    </Placemark>
    <Placemark>
      <name>Drone 37</name>
      <Style>
        <IconStyle>
          <color>ff0000ff</color>
          <scale>0.6</scale>
          <Icon>
            <href>http://maps.google.com/mapfiles/kml/shapes/placemark_circle.png</href>
          </Icon>
        </IconStyle>
      </Style>
      <Point>
        <altitudeMode>absolute</altitudeMode>
        <coordinates>-91.783716,37.94744856282416,296.65114218921894</coordinates>
      </Point>
    </Placemark>
    <Placemark>
      <name>Drone 38</name>
      <Style>
        <IconStyle>
          <color>ff0000ff</color>
          <scale>0.6</scale>
          <Icon>
            <href>http://maps.google.com/mapfiles/kml/shapes/placemark_circle.png</href>
          </Icon>
        </IconStyle>
      </Style>
      <Point>
        <altitudeMode>absolute</altitudeMode>
        <coordinates>-91.783716,37.94744856282416,296.65114218921894</coordinates>
      </Point>
    </Placemark>
    <Placemark>
      <name>Drone 39</name>
      <Style>
        <IconStyle>
          <color>ff0000ff</color>
          <scale>0.6</scale>
          <Icon>
            <href>http://maps.google.com/mapfiles/kml/shapes/placemark_circle.png</href>
          </Icon>
        </IconStyle>
      </Style>
      <Point>
        <altitudeMode>absolute</altitudeMode>
        <coordinates>-91.783716,37.947509765044465,296.65114218921894</coordinates>
      </Point>
    </Placemark>
    <Placemark>
      <name>Drone 40</name>
      <Style>
        <IconStyle>
          <color>ff0000ff</color>
          <scale>0.6</scale>
          <Icon>
            <href>http://maps.google.com/mapfiles/kml/shapes/placemark_circle.png</href>
          </Icon>
        </IconStyle>
      </Style>
      <Point>
        <altitudeMode>absolute</altitudeMode>
        <coordinates>-91.783716,37.94744856282416,296.65114218921894</coordinates>
      </Point>
    </Placemark>
    <Placemark>
      <name>Drone 41</name>
      <Style>
        <IconStyle>
          <color>ff0000ff</color>
          <scale>0.6</scale>
          <Icon>
            <href>http://maps.google.com/mapfiles/kml/shapes/placemark_circle.png</href>
          </Icon>
        </IconStyle>
      </Style>
      <Point>
        <altitudeMode>absolute</altitudeMode>
        <coordinates>-91.783716,37.947509765044465,296.65114218921894</coordinates>
      </Point>
    </Placemark>
    <Placemark>
      <name>Drone 42</name>
      <Style>
        <IconStyle>
          <color>ff0000ff</color>
          <scale>0.6</scale>
          <Icon>
            <href>http://maps.google.com/mapfiles/kml/shapes/placemark_circle.png</href>
          </Icon>
        </IconStyle>
      </Style>
      <Point>
        <altitudeMode>absolute</altitudeMode>
        <coordinates>-91.783716,37.947509765044465,296.65114218921894</coordinates>
      </Point>
    </Placemark>
    <Placemark>
      <name>Drone 43</name>
      <Style>
        <IconStyle>
          <color>ff0000ff</color>
          <scale>0.6</scale>
          <Icon>
            <href>http://maps.google.com/mapfiles/kml/shapes/placemark_circle.png</href>
          </Icon>
        </IconStyle>
      </Style>
      <Point>
        <altitudeMode>absolute</altitudeMode>
        <coordinates>-91.783716,37.947509765044465,189.97814218921894</coordinates>
      </Point>
    </Placemark>
    <Placemark>
      <name>Drone 44</name>
      <Style>
        <IconStyle>
          <color>ff0000ff</color>
          <scale>0.6</scale>
          <Icon>
            <href>http://maps.google.com/mapfiles/kml/shapes/placemark_circle.png</href>
          </Icon>
        </IconStyle>
      </Style>
      <Point>
        <altitudeMode>absolute</altitudeMode>
        <coordinates>-91.783716,37.947509765044465,296.65114218921894</coordinates>
      </Point>
    </Placemark>
    <Placemark>
      <name>Drone 45</name>
      <Style>
        <IconStyle>
          <color>ff0000ff</color>
          <scale>0.6</scale>
          <Icon>
            <href>http://maps.google.com/mapfiles/kml/shapes/placemark_circle.png</href>
          </Icon>
        </IconStyle>
      </Style>
      <Point>
        <altitudeMode>absolute</altitudeMode>
        <coordinates>-91.783716,37.947509765044465,243.31464218921894</coordinates>
      </Point>
    </Placemark>
    <Placemark>
      <name>Drone 46</name>
      <Style>
        <IconStyle>
          <color>ff0000ff</color>
          <scale>0.6</scale>
          <Icon>
            <href>http://maps.google.com/mapfiles/kml/shapes/placemark_circle.png</href>
          </Icon>
        </IconStyle>
      </Style>
      <Point>
        <altitudeMode>absolute</altitudeMode>
        <coordinates>-91.783716,37.947509765044465,189.97814218921894</coordinates>
      </Point>
    </Placemark>
    <Placemark>
      <name>Drone 47</name>
      <Style>
        <IconStyle>
          <color>ff0000ff</color>
          <scale>0.6</scale>
          <Icon>
            <href>http://maps.google.com/mapfiles/kml/shapes/placemark_circle.png</href>
          </Icon>
        </IconStyle>
      </Style>
      <Point>
        <altitudeMode>absolute</altitudeMode>
        <coordinates>-91.783716,37.947509765044465,189.97814218921894</coordinates>
      </Point>
    </Placemark>
    <Placemark>
      <name>Drone 48</name>
      <Style>
        <IconStyle>
          <color>ff0000ff</color>
          <scale>0.6</scale>
          <Icon>
            <href>http://maps.google.com/mapfiles/kml/shapes/placemark_circle.png</href>
          </Icon>
        </IconStyle>
      </Style>
      <Point>
        <altitudeMode>absolute</altitudeMode>
        <coordinates>-91.783716,37.947577138690775,182.47814218921894</coordinates>
      </Point>
    </Placemark>
    <Placemark>
      <name>Drone 49</name>
      <Style>
        <IconStyle>
          <color>ff0000ff</color>
          <scale>0.6</scale>
          <Icon>
            <href>http://maps.google.com/mapfiles/kml/shapes/placemark_circle.png</href>
          </Icon>
        </IconStyle>
      </Style>
      <Point>
        <altitudeMode>absolute</altitudeMode>
        <coordinates>-91.783716,37.947577138690775,182.47814218921894</coordinates>
      </Point>
    </Placemark>
    <Placemark>
      <name>Drone 50</name>
      <Style>
        <IconStyle>
          <color>ff0000ff</color>
          <scale>0.6</scale>
          <Icon>
            <href>http://maps.google.com/mapfiles/kml/shapes/placemark_circle.png</href>
          </Icon>
        </IconStyle>
      </Style>
      <Point>
        <altitudeMode>absolute</altitudeMode>
        <coordinates>-91.783716,37.947644512337085,189.97814218921894</coordinates>
      </Point>
    </Placemark>
    <Placemark>
      <name>Drone 51</name>
      <Style>
        <IconStyle>
          <color>ff0000ff</color>
          <scale>0.6</scale>
          <Icon>
            <href>http://maps.google.com/mapfiles/kml/shapes/placemark_circle.png</href>
          </Icon>
        </IconStyle>
      </Style>
      <Point>
        <altitudeMode>absolute</altitudeMode>
        <coordinates>-91.783716,37.947644512337085,189.97814218921894</coordinates>
      </Point>
    </Placemark>
    <Placemark>
      <name>Drone 52</name>
      <Style>
        <IconStyle>
          <color>ff0000ff</color>
          <scale>0.6</scale>
          <Icon>
            <href>http://maps.google.com/mapfiles/kml/shapes/placemark_circle.png</href>
          </Icon>
        </IconStyle>
      </Style>
      <Point>
        <altitudeMode>absolute</altitudeMode>
        <coordinates>-91.783716,37.947644512337085,296.65114218921894</coordinates>
      </Point>
    </Placemark>
    <Placemark>
      <name>Drone 53</name>
      <Style>
        <IconStyle>
          <color>ff0000ff</color>
          <scale>0.6</scale>
          <Icon>
            <href>http://maps.google.com/mapfiles/kml/shapes/placemark_circle.png</href>
          </Icon>
        </IconStyle>
      </Style>
      <Point>
        <altitudeMode>absolute</altitudeMode>
        <coordinates>-91.783716,37.947644512337085,189.97814218921894</coordinates>
      </Point>
    </Placemark>
    <Placemark>
      <name>Drone 54</name>
      <Style>
        <IconStyle>
          <color>ff0000ff</color>
          <scale>0.6</scale>
          <Icon>
            <href>http://maps.google.com/mapfiles/kml/shapes/placemark_circle.png</href>
          </Icon>
        </IconStyle>
      </Style>
      <Point>
        <altitudeMode>absolute</altitudeMode>
        <coordinates>-91.783716,37.947644512337085,243.31464218921894</coordinates>
      </Point>
    </Placemark>
    <Placemark>
      <name>Drone 55</name>
      <Style>
        <IconStyle>
          <color>ff0000ff</color>
          <scale>0.6</scale>
          <Icon>
            <href>http://maps.google.com/mapfiles/kml/shapes/placemark_circle.png</href>
          </Icon>
        </IconStyle>
      </Style>
      <Point>
        <altitudeMode>absolute</altitudeMode>
        <coordinates>-91.783716,37.947644512337085,296.65114218921894</coordinates>
      </Point>
    </Placemark>
    <Placemark>
      <name>Drone 56</name>
      <Style>
        <IconStyle>
          <color>ff0000ff</color>
          <scale>0.6</scale>
          <Icon>
            <href>http://maps.google.com/mapfiles/kml/shapes/placemark_circle.png</href>
          </Icon>
        </IconStyle>
      </Style>
      <Point>
        <altitudeMode>absolute</altitudeMode>
        <coordinates>-91.783716,37.947644512337085,296.65114218921894</coordinates>
      </Point>
    </Placemark>
    <Placemark>
      <name>Drone 57</name>
      <Style>
        <IconStyle>
          <color>ff0000ff</color>
          <scale>0.6</scale>
          <Icon>
            <href>http://maps.google.com/mapfiles/kml/shapes/placemark_circle.png</href>
          </Icon>
        </IconStyle>
      </Style>
      <Point>
        <altitudeMode>absolute</altitudeMode>
        <coordinates>-91.783716,37.947705705574236,296.65114218921894</coordinates>
      </Point>
    </Placemark>
    <Placemark>
      <name>Drone 58</name>
      <Style>
        <IconStyle>
          <color>ff0000ff</color>
          <scale>0.6</scale>
          <Icon>
            <href>http://maps.google.com/mapfiles/kml/shapes/placemark_circle.png</href>
          </Icon>
        </IconStyle>
      </Style>
      <Point>
        <altitudeMode>absolute</altitudeMode>
        <coordinates>-91.783716,37.947644512337085,296.65114218921894</coordinates>
      </Point>
    </Placemark>
    <Placemark>
      <name>Drone 59</name>
      <Style>
        <IconStyle>
          <color>ff0000ff</color>
          <scale>0.6</scale>
          <Icon>
            <href>http://maps.google.com/mapfiles/kml/shapes/placemark_circle.png</href>
          </Icon>
        </IconStyle>
      </Style>
      <Point>
        <altitudeMode>absolute</altitudeMode>
        <coordinates>-91.783716,37.947705705574236,296.65114218921894</coordinates>
      </Point>
    </Placemark>
    <Placemark>
      <name>Drone 60</name>
      <Style>
        <IconStyle>
          <color>ff0000ff</color>
          <scale>0.6</scale>
          <Icon>
            <href>http://maps.google.com/mapfiles/kml/shapes/placemark_circle.png</href>
          </Icon>
        </IconStyle>
      </Style>
      <Point>
        <altitudeMode>absolute</altitudeMode>
        <coordinates>-91.783716,37.947705705574236,296.65114218921894</coordinates>
      </Point>
    </Placemark>
    <Placemark>
      <name>Drone 61</name>
      <Style>
        <IconStyle>
          <color>ff0000ff</color>
          <scale>0.6</scale>
          <Icon>
            <href>http://maps.google.com/mapfiles/kml/shapes/placemark_circle.png</href>
          </Icon>
        </IconStyle>
      </Style>
      <Point>
        <altitudeMode>absolute</altitudeMode>
        <coordinates>-91.783716,37.947773079220546,304.15114218921894</coordinates>
      </Point>
    </Placemark>
    <Placemark>
      <name>Drone 62</name>
      <Style>
        <IconStyle>
          <color>ff0000ff</color>
          <scale>0.6</scale>
          <Icon>
            <href>http://maps.google.com/mapfiles/kml/shapes/placemark_circle.png</href>
          </Icon>
        </IconStyle>
      </Style>
      <Point>
        <altitudeMode>absolute</altitudeMode>
        <coordinates>-91.783716,37.947773079220546,304.15114218921894</coordinates>
      </Point>
    </Placemark>
    <Placemark>
      <name>Drone 63</name>
      <Style>
        <IconStyle>
          <color>ff0000ff</color>
          <scale>0.6</scale>
          <Icon>
            <href>http://maps.google.com/mapfiles/kml/shapes/placemark_circle.png</href>
          </Icon>
        </IconStyle>
      </Style>
      <Point>
        <altitudeMode>absolute</altitudeMode>
        <coordinates>-91.783716,37.947705705574236,311.65114218921894</coordinates>
      </Point>
    </Placemark>
    <Placemark>
      <name>Drone 64</name>
      <Style>
        <IconStyle>
          <color>ff0000ff</color>
          <scale>0.6</scale>
          <Icon>
            <href>http://maps.google.com/mapfiles/kml/shapes/placemark_circle.png</href>
          </Icon>
        </IconStyle>
      </Style>
      <Point>
        <altitudeMode>absolute</altitudeMode>
        <coordinates>-91.783716,37.947705705574236,311.65114218921894</coordinates>
      </Point>
    </Placemark>
    <Placemark>
      <name>Drone 65</name>
      <Style>
        <IconStyle>
          <color>ff0000ff</color>
          <scale>0.6</scale>
          <Icon>
            <href>http://maps.google.com/mapfiles/kml/shapes/placemark_circle.png</href>
          </Icon>
        </IconStyle>
      </Style>
      <Point>
        <altitudeMode>absolute</altitudeMode>
        <coordinates>-91.783716,37.947568739442865,311.65114218921894</coordinates>
      </Point>
    </Placemark>
    <Placemark>
      <name>Drone 66</name>
      <Style>
        <IconStyle>
          <color>ff0000ff</color>
          <scale>0.6</scale>
          <Icon>
            <href>http://maps.google.com/mapfiles/kml/shapes/placemark_circle.png</href>
          </Icon>
        </IconStyle>
      </Style>
      <Point>
        <altitudeMode>absolute</altitudeMode>
        <coordinates>-91.783716,37.947705705574236,311.65114218921894</coordinates>
      </Point>
    </Placemark>
    <Placemark>
      <name>Drone 67</name>
      <Style>
        <IconStyle>
          <color>ff0000ff</color>
          <scale>0.6</scale>
          <Icon>
            <href>http://maps.google.com/mapfiles/kml/shapes/placemark_circle.png</href>
          </Icon>
        </IconStyle>
      </Style>
      <Point>
        <altitudeMode>absolute</altitudeMode>
        <coordinates>-91.783716,37.947568739442865,311.65114218921894</coordinates>
      </Point>
    </Placemark>
    <Placemark>
      <name>Drone 68</name>
      <Style>
        <IconStyle>
          <color>ff0000ff</color>
          <scale>0.6</scale>
          <Icon>
            <href>http://maps.google.com/mapfiles/kml/shapes/placemark_circle.png</href>
          </Icon>
        </IconStyle>
      </Style>
      <Point>
        <altitudeMode>absolute</altitudeMode>
        <coordinates>-91.783716,37.947568739442865,311.65114218921894</coordinates>
      </Point>
    </Placemark>
    <Placemark>
      <name>Drone 69</name>
      <Style>
        <IconStyle>
          <color>ff0000ff</color>
          <scale>0.6</scale>
          <Icon>
            <href>http://maps.google.com/mapfiles/kml/shapes/placemark_circle.png</href>
          </Icon>
        </IconStyle>
      </Style>
      <Point>
        <altitudeMode>absolute</altitudeMode>
        <coordinates>-91.783716,37.9476270221385,322.26114218921896</coordinates>
      </Point>
    </Placemark>
    <Placemark>
      <name>Drone 70</name>
      <Style>
        <IconStyle>
          <color>ff0000ff</color>
          <scale>0.6</scale>
          <Icon>
            <href>http://maps.google.com/mapfiles/kml/shapes/placemark_circle.png</href>
          </Icon>
        </IconStyle>
      </Style>
      <Point>
        <altitudeMode>absolute</altitudeMode>
        <coordinates>-91.783716,37.947568739442865,311.65114218921894</coordinates>
      </Point>
    </Placemark>
    <Placemark>
      <name>Drone 71</name>
      <Style>
        <IconStyle>
          <color>ff0000ff</color>
          <scale>0.6</scale>
          <Icon>
            <href>http://maps.google.com/mapfiles/kml/shapes/placemark_circle.png</href>
          </Icon>
        </IconStyle>
      </Style>
      <Point>
        <altitudeMode>absolute</altitudeMode>
        <coordinates>-91.783716,37.9476270221385,322.26114218921896</coordinates>
      </Point>
    </Placemark>
    <Placemark>
      <name>Drone 72</name>
      <Style>
        <IconStyle>
          <color>ff0000ff</color>
          <scale>0.6</scale>
          <Icon>
            <href>http://maps.google.com/mapfiles/kml/shapes/placemark_circle.png</href>
          </Icon>
        </IconStyle>
      </Style>
      <Point>
        <altitudeMode>absolute</altitudeMode>
        <coordinates>-91.783716,37.9476270221385,322.26114218921896</coordinates>
      </Point>
    </Placemark>
    <Placemark>
      <name>Drone 73</name>
      <Style>
        <IconStyle>
          <color>ff0000ff</color>
          <scale>0.6</scale>
          <Icon>
            <href>http://maps.google.com/mapfiles/kml/shapes/placemark_circle.png</href>
          </Icon>
        </IconStyle>
      </Style>
      <Point>
        <altitudeMode>absolute</altitudeMode>
        <coordinates>-91.783716,37.94810000310189,367.54314218921894</coordinates>
      </Point>
    </Placemark>
    <Placemark>
      <name>Drone 74</name>
      <Style>
        <IconStyle>
          <color>ff0000ff</color>
          <scale>0.6</scale>
          <Icon>
            <href>http://maps.google.com/mapfiles/kml/shapes/placemark_circle.png</href>
          </Icon>
        </IconStyle>
      </Style>
      <Point>
        <altitudeMode>absolute</altitudeMode>
        <coordinates>-91.783716,37.9476270221385,322.26114218921896</coordinates>
      </Point>
    </Placemark>
    <Placemark>
      <name>Drone 75</name>
      <Style>
        <IconStyle>
          <color>ff0000ff</color>
          <scale>0.6</scale>
          <Icon>
            <href>http://maps.google.com/mapfiles/kml/shapes/placemark_circle.png</href>
          </Icon>
        </IconStyle>
      </Style>
      <Point>
        <altitudeMode>absolute</altitudeMode>
        <coordinates>-91.783716,37.94810000310189,367.54314218921894</coordinates>
      </Point>
    </Placemark>
    <Placemark>
      <name>Drone 76</name>
      <Style>
        <IconStyle>
          <color>ff0000ff</color>
          <scale>0.6</scale>
          <Icon>
            <href>http://maps.google.com/mapfiles/kml/shapes/placemark_circle.png</href>
          </Icon>
        </IconStyle>
      </Style>
      <Point>
        <altitudeMode>absolute</altitudeMode>
        <coordinates>-91.783716,37.94809657153751,378.14314218921896</coordinates>
      </Point>
    </Placemark>
    <Placemark>
      <name>Drone 77</name>
      <Style>
        <IconStyle>
          <color>ff0000ff</color>
          <scale>0.6</scale>
          <Icon>
            <href>http://maps.google.com/mapfiles/kml/shapes/placemark_circle.png</href>
          </Icon>
        </IconStyle>
      </Style>
      <Point>
        <altitudeMode>absolute</altitudeMode>
        <coordinates>-91.783716,37.94809657153751,378.14314218921896</coordinates>
      </Point>
    </Placemark>
    <Placemark>
      <name>Drone 78</name>
      <Style>
        <IconStyle>
          <color>ff0000ff</color>
          <scale>0.6</scale>
          <Icon>
            <href>http://maps.google.com/mapfiles/kml/shapes/placemark_circle.png</href>
          </Icon>
        </IconStyle>
      </Style>
      <Point>
        <altitudeMode>absolute</altitudeMode>
        <coordinates>-91.783716,37.94800132316794,377.76114218921896</coordinates>
      </Point>
    </Placemark>
    <Placemark>
      <name>Drone 79</name>
      <Style>
        <IconStyle>
          <color>ff0000ff</color>
          <scale>0.6</scale>
          <Icon>
            <href>http://maps.google.com/mapfiles/kml/shapes/placemark_circle.png</href>
          </Icon>
        </IconStyle>
      </Style>
      <Point>
        <altitudeMode>absolute</altitudeMode>
        <coordinates>-91.783716,37.94733053317898,548.9451421892189</coordinates>
      </Point>
    </Placemark>
    <Placemark>
      <name>Drone 80</name>
      <Style>
        <IconStyle>
          <color>ff0000ff</color>
          <scale>0.6</scale>
          <Icon>
            <href>http://maps.google.com/mapfiles/kml/shapes/placemark_circle.png</href>
          </Icon>
        </IconStyle>
      </Style>
      <Point>
        <altitudeMode>absolute</altitudeMode>
        <coordinates>-91.783716,37.946857651030264,473.7001421892189</coordinates>
      </Point>
    </Placemark>
    <Placemark>
      <name>Drone 81</name>
      <Style>
        <IconStyle>
          <color>ff0000ff</color>
          <scale>0.6</scale>
          <Icon>
            <href>http://maps.google.com/mapfiles/kml/shapes/placemark_circle.png</href>
          </Icon>
        </IconStyle>
      </Style>
      <Point>
        <altitudeMode>absolute</altitudeMode>
        <coordinates>-91.783716,37.94733053317898,548.9451421892189</coordinates>
      </Point>
    </Placemark>
    <Placemark>
      <name>Drone 82</name>
      <Style>
        <IconStyle>
          <color>ff0000ff</color>
          <scale>0.6</scale>
          <Icon>
            <href>http://maps.google.com/mapfiles/kml/shapes/placemark_circle.png</href>
          </Icon>
        </IconStyle>
      </Style>
      <Point>
        <altitudeMode>absolute</altitudeMode>
        <coordinates>-91.783716,37.946857651030264,473.7001421892189</coordinates>
      </Point>
    </Placemark>
    <Placemark>
      <name>Drone 83</name>
      <Style>
        <IconStyle>
          <color>ff0000ff</color>
          <scale>0.6</scale>
          <Icon>
            <href>http://maps.google.com/mapfiles/kml/shapes/placemark_circle.png</href>
          </Icon>
        </IconStyle>
      </Style>
      <Point>
        <altitudeMode>absolute</altitudeMode>
        <coordinates>-91.783716,37.946925024676574,466.2001421892189</coordinates>
      </Point>
    </Placemark>
    <Placemark>
      <name>Drone 84</name>
      <Style>
        <IconStyle>
          <color>ff0000ff</color>
          <scale>0.6</scale>
          <Icon>
            <href>http://maps.google.com/mapfiles/kml/shapes/placemark_circle.png</href>
          </Icon>
        </IconStyle>
      </Style>
      <Point>
        <altitudeMode>absolute</altitudeMode>
        <coordinates>-91.783716,37.946925024676574,466.2001421892189</coordinates>
      </Point>
    </Placemark>
    <Placemark>
      <name>Drone 85</name>
      <Style>
        <IconStyle>
          <color>ff0000ff</color>
          <scale>0.6</scale>
          <Icon>
            <href>http://maps.google.com/mapfiles/kml/shapes/placemark_circle.png</href>
          </Icon>
        </IconStyle>
      </Style>
      <Point>
        <altitudeMode>absolute</altitudeMode>
        <coordinates>-91.783716,37.946992398322884,473.7001421892189</coordinates>
      </Point>
    </Placemark>
    <Placemark>
      <name>Drone 86</name>
      <Style>
        <IconStyle>
          <color>ff0000ff</color>
          <scale>0.6</scale>
          <Icon>
            <href>http://maps.google.com/mapfiles/kml/shapes/placemark_circle.png</href>
          </Icon>
        </IconStyle>
      </Style>
      <Point>
        <altitudeMode>absolute</altitudeMode>
        <coordinates>-91.783716,37.946992398322884,473.7001421892189</coordinates>
      </Point>
    </Placemark>
    <Placemark>
      <name>Drone 87</name>
      <Style>
        <IconStyle>
          <color>ff0000ff</color>
          <scale>0.6</scale>
          <Icon>
            <href>http://maps.google.com/mapfiles/kml/shapes/placemark_circle.png</href>
          </Icon>
        </IconStyle>
      </Style>
      <Point>
        <altitudeMode>absolute</altitudeMode>
        <coordinates>-91.783716,37.94737683234872,534.8581421892189</coordinates>
      </Point>
    </Placemark>
    <Placemark>
      <name>Drone 88</name>
      <Style>
        <IconStyle>
          <color>ff0000ff</color>
          <scale>0.6</scale>
          <Icon>
            <href>http://maps.google.com/mapfiles/kml/shapes/placemark_circle.png</href>
          </Icon>
        </IconStyle>
      </Style>
      <Point>
        <altitudeMode>absolute</altitudeMode>
        <coordinates>-91.783716,37.946992398322884,473.7001421892189</coordinates>
      </Point>
    </Placemark>
    <Placemark>
      <name>Drone 89</name>
      <Style>
        <IconStyle>
          <color>ff0000ff</color>
          <scale>0.6</scale>
          <Icon>
            <href>http://maps.google.com/mapfiles/kml/shapes/placemark_circle.png</href>
          </Icon>
        </IconStyle>
      </Style>
      <Point>
        <altitudeMode>absolute</altitudeMode>
        <coordinates>-91.783716,37.94737683234872,534.8581421892189</coordinates>
      </Point>
    </Placemark>
    <Placemark>
      <name>Drone 90</name>
      <Style>
        <IconStyle>
          <color>ff0000ff</color>
          <scale>0.6</scale>
          <Icon>
            <href>http://maps.google.com/mapfiles/kml/shapes/placemark_circle.png</href>
          </Icon>
        </IconStyle>
      </Style>
      <Point>
        <altitudeMode>absolute</altitudeMode>
        <coordinates>-91.783716,37.94741696009246,544.4781421892189</coordinates>
      </Point>
    </Placemark>
    <Placemark>
      <name>Drone 91</name>
      <Style>
        <IconStyle>
          <color>ff0000ff</color>
          <scale>0.6</scale>
          <Icon>
            <href>http://maps.google.com/mapfiles/kml/shapes/placemark_circle.png</href>
          </Icon>
        </IconStyle>
      </Style>
      <Point>
        <altitudeMode>absolute</altitudeMode>
        <coordinates>-91.783716,37.94741696009246,544.4781421892189</coordinates>
      </Point>
    </Placemark>
    <Placemark>
      <name>Drone 92</name>
      <Style>
        <IconStyle>
          <color>ff0000ff</color>
          <scale>0.6</scale>
          <Icon>
            <href>http://maps.google.com/mapfiles/kml/shapes/placemark_circle.png</href>
          </Icon>
        </IconStyle>
      </Style>
      <Point>
        <altitudeMode>absolute</altitudeMode>
        <coordinates>-91.783716,37.94733053317898,548.9451421892189</coordinates>
      </Point>
    </Placemark>
    <Placemark>
      <name>Drone 93</name>
      <Style>
        <IconStyle>
          <color>ff0000ff</color>
          <scale>0.6</scale>
          <Icon>
            <href>http://maps.google.com/mapfiles/kml/shapes/placemark_circle.png</href>
          </Icon>
        </IconStyle>
      </Style>
      <Point>
        <altitudeMode>absolute</altitudeMode>
        <coordinates>-91.783716,37.95057367593347,545.146142189219</coordinates>
      </Point>
    </Placemark>
    <Placemark>
      <name>Drone 94</name>
      <Style>
        <IconStyle>
          <color>ff0000ff</color>
          <scale>0.6</scale>
          <Icon>
            <href>http://maps.google.com/mapfiles/kml/shapes/placemark_circle.png</href>
          </Icon>
        </IconStyle>
      </Style>
      <Point>
        <altitudeMode>absolute</altitudeMode>
        <coordinates>-91.783716,37.94998644723224,582.254142189219</coordinates>
      </Point>
    </Placemark>
    <Placemark>
      <name>Drone 95</name>
      <Style>
        <IconStyle>
          <color>ff0000ff</color>
          <scale>0.6</scale>
          <Icon>
            <href>http://maps.google.com/mapfiles/kml/shapes/placemark_circle.png</href>
          </Icon>
        </IconStyle>
      </Style>
      <Point>
        <altitudeMode>absolute</altitudeMode>
        <coordinates>-91.783716,37.95057367593347,545.146142189219</coordinates>
      </Point>
    </Placemark>
    <Placemark>
      <name>Drone 96</name>
      <Style>
        <IconStyle>
          <color>ff0000ff</color>
          <scale>0.6</scale>
          <Icon>
            <href>http://maps.google.com/mapfiles/kml/shapes/placemark_circle.png</href>
          </Icon>
        </IconStyle>
      </Style>
      <Point>
        <altitudeMode>absolute</altitudeMode>
        <coordinates>-91.783716,37.94998644723224,582.254142189219</coordinates>
      </Point>
    </Placemark>
    <Placemark>
      <name>Drone 97</name>
      <Style>
        <IconStyle>
          <color>ff0000ff</color>
          <scale>0.6</scale>
          <Icon>
            <href>http://maps.google.com/mapfiles/kml/shapes/placemark_circle.png</href>
          </Icon>
        </IconStyle>
      </Style>
      <Point>
        <altitudeMode>absolute</altitudeMode>
        <coordinates>-91.783716,37.94990882380854,576.102142189219</coordinates>
      </Point>
    </Placemark>
    <Placemark>
      <name>Drone 98</name>
      <Style>
        <IconStyle>
          <color>ff0000ff</color>
          <scale>0.6</scale>
          <Icon>
            <href>http://maps.google.com/mapfiles/kml/shapes/placemark_circle.png</href>
          </Icon>
        </IconStyle>
      </Style>
      <Point>
        <altitudeMode>absolute</altitudeMode>
        <coordinates>-91.783716,37.94990882380854,576.102142189219</coordinates>
      </Point>
    </Placemark>
    <Placemark>
      <name>Drone 99</name>
      <Style>
        <IconStyle>
          <color>ff0000ff</color>
          <scale>0.6</scale>
          <Icon>
            <href>http://maps.google.com/mapfiles/kml/shapes/placemark_circle.png</href>
          </Icon>
        </IconStyle>
      </Style>
      <Point>
        <altitudeMode>absolute</altitudeMode>
        <coordinates>-91.783716,37.94996408816482,567.462142189219</coordinates>
      </Point>
    </Placemark>
    <Placemark>
      <name>Drone 100</name>
      <Style>
        <IconStyle>
          <color>ff0000ff</color>
          <scale>0.6</scale>
          <Icon>
            <href>http://maps.google.com/mapfiles/kml/shapes/placemark_circle.png</href>
          </Icon>
        </IconStyle>
      </Style>
      <Point>
        <altitudeMode>absolute</altitudeMode>
        <coordinates>-91.783716,37.94996408816482,567.462142189219</coordinates>
      </Point>
    </Placemark>
    <Placemark>
      <name>Drone 101</name>
      <Style>
        <IconStyle>
          <color>ff0000ff</color>
          <scale>0.6</scale>
          <Icon>
            <href>http://maps.google.com/mapfiles/kml/shapes/placemark_circle.png</href>
          </Icon>
        </IconStyle>
      </Style>
      <Point>
        <altitudeMode>absolute</altitudeMode>
        <coordinates>-91.783716,37.95067549098777,473.7001421892189</coordinates>
      </Point>
    </Placemark>
    <Placemark>
      <name>Drone 102</name>
      <Style>
        <IconStyle>
          <color>ff0000ff</color>
          <scale>0.6</scale>
          <Icon>
            <href>http://maps.google.com/mapfiles/kml/shapes/placemark_circle.png</href>
          </Icon>
        </IconStyle>
      </Style>
      <Point>
        <altitudeMode>absolute</altitudeMode>
        <coordinates>-91.783716,37.94996408816482,567.462142189219</coordinates>
      </Point>
    </Placemark>
    <Placemark>
      <name>Drone 103</name>
      <Style>
        <IconStyle>
          <color>ff0000ff</color>
          <scale>0.6</scale>
          <Icon>
            <href>http://maps.google.com/mapfiles/kml/shapes/placemark_circle.png</href>
          </Icon>
        </IconStyle>
      </Style>
      <Point>
        <altitudeMode>absolute</altitudeMode>
        <coordinates>-91.783716,37.950474368301705,535.1641421892189</coordinates>
      </Point>
    </Placemark>
    <Placemark>
      <name>Drone 104</name>
      <Style>
        <IconStyle>
          <color>ff0000ff</color>
          <scale>0.6</scale>
          <Icon>
            <href>http://maps.google.com/mapfiles/kml/shapes/placemark_circle.png</href>
          </Icon>
        </IconStyle>
      </Style>
      <Point>
        <altitudeMode>absolute</altitudeMode>
        <coordinates>-91.783716,37.95067549098777,473.7001421892189</coordinates>
      </Point>
    </Placemark>
    <Placemark>
      <name>Drone 105</name>
      <Style>
        <IconStyle>
          <color>ff0000ff</color>
          <scale>0.6</scale>
          <Icon>
            <href>http://maps.google.com/mapfiles/kml/shapes/placemark_circle.png</href>
          </Icon>
        </IconStyle>
      </Style>
      <Point>
        <altitudeMode>absolute</altitudeMode>
        <coordinates>-91.783716,37.95037856185376,395.08914218921893</coordinates>
      </Point>
    </Placemark>
    <Placemark>
      <name>Drone 106</name>
      <Style>
        <IconStyle>
          <color>ff0000ff</color>
          <scale>0.6</scale>
          <Icon>
            <href>http://maps.google.com/mapfiles/kml/shapes/placemark_circle.png</href>
          </Icon>
        </IconStyle>
      </Style>
      <Point>
        <altitudeMode>absolute</altitudeMode>
        <coordinates>-91.783716,37.95067549098777,473.7001421892189</coordinates>
      </Point>
    </Placemark>
    <Placemark>
      <name>Drone 107</name>
      <Style>
        <IconStyle>
          <color>ff0000ff</color>
          <scale>0.6</scale>
          <Icon>
            <href>http://maps.google.com/mapfiles/kml/shapes/placemark_circle.png</href>
          </Icon>
        </IconStyle>
      </Style>
      <Point>
        <altitudeMode>absolute</altitudeMode>
        <coordinates>-91.783716,37.95037856185376,395.08914218921893</coordinates>
      </Point>
    </Placemark>
    <Placemark>
      <name>Drone 108</name>
      <Style>
        <IconStyle>
          <color>ff0000ff</color>
          <scale>0.6</scale>
          <Icon>
            <href>http://maps.google.com/mapfiles/kml/shapes/placemark_circle.png</href>
          </Icon>
        </IconStyle>
      </Style>
      <Point>
        <altitudeMode>absolute</altitudeMode>
        <coordinates>-91.783716,37.949821282984104,336.63114218921896</coordinates>
      </Point>
    </Placemark>
    <Placemark>
      <name>Drone 109</name>
      <Style>
        <IconStyle>
          <color>ff0000ff</color>
          <scale>0.6</scale>
          <Icon>
            <href>http://maps.google.com/mapfiles/kml/shapes/placemark_circle.png</href>
          </Icon>
        </IconStyle>
      </Style>
      <Point>
        <altitudeMode>absolute</altitudeMode>
        <coordinates>-91.783716,37.95037856185376,395.08914218921893</coordinates>
      </Point>
    </Placemark>
    <Placemark>
      <name>Drone 110</name>
      <Style>
        <IconStyle>
          <color>ff0000ff</color>
          <scale>0.6</scale>
          <Icon>
            <href>http://maps.google.com/mapfiles/kml/shapes/placemark_circle.png</href>
          </Icon>
        </IconStyle>
      </Style>
      <Point>
        <altitudeMode>absolute</altitudeMode>
        <coordinates>-91.783716,37.949821282984104,336.63114218921896</coordinates>
      </Point>
    </Placemark>
    <Placemark>
      <name>Drone 111</name>
      <Style>
        <IconStyle>
          <color>ff0000ff</color>
          <scale>0.6</scale>
          <Icon>
            <href>http://maps.google.com/mapfiles/kml/shapes/placemark_circle.png</href>
          </Icon>
        </IconStyle>
      </Style>
      <Point>
        <altitudeMode>absolute</altitudeMode>
        <coordinates>-91.783716,37.949397071557485,377.76114218921896</coordinates>
      </Point>
    </Placemark>
    <Placemark>
      <name>Drone 112</name>
      <Style>
        <IconStyle>
          <color>ff0000ff</color>
          <scale>0.6</scale>
          <Icon>
            <href>http://maps.google.com/mapfiles/kml/shapes/placemark_circle.png</href>
          </Icon>
        </IconStyle>
      </Style>
      <Point>
        <altitudeMode>absolute</altitudeMode>
        <coordinates>-91.783716,37.949821282984104,336.63114218921896</coordinates>
      </Point>
    </Placemark>
    <Placemark>
      <name>Drone 113</name>
      <Style>
        <IconStyle>
          <color>ff0000ff</color>
          <scale>0.6</scale>
          <Icon>
            <href>http://maps.google.com/mapfiles/kml/shapes/placemark_circle.png</href>
          </Icon>
        </IconStyle>
      </Style>
      <Point>
        <altitudeMode>absolute</altitudeMode>
        <coordinates>-91.783716,37.949397071557485,377.76114218921896</coordinates>
      </Point>
    </Placemark>
    <Placemark>
      <name>Drone 114</name>
      <Style>
        <IconStyle>
          <color>ff0000ff</color>
          <scale>0.6</scale>
          <Icon>
            <href>http://maps.google.com/mapfiles/kml/shapes/placemark_circle.png</href>
          </Icon>
        </IconStyle>
      </Style>
      <Point>
        <altitudeMode>absolute</altitudeMode>
        <coordinates>-91.783716,37.94930185013737,378.14314218921896</coordinates>
      </Point>
    </Placemark>
    <Placemark>
      <name>Drone 115</name>
      <Style>
        <IconStyle>
          <color>ff0000ff</color>
          <scale>0.6</scale>
          <Icon>
            <href>http://maps.google.com/mapfiles/kml/shapes/placemark_circle.png</href>
          </Icon>
        </IconStyle>
      </Style>
      <Point>
        <altitudeMode>absolute</altitudeMode>
        <coordinates>-91.783716,37.94930185013737,378.14314218921896</coordinates>
      </Point>
    </Placemark>
    <Placemark>
      <name>Drone 116</name>
      <Style>
        <IconStyle>
          <color>ff0000ff</color>
          <scale>0.6</scale>
          <Icon>
            <href>http://maps.google.com/mapfiles/kml/shapes/placemark_circle.png</href>
          </Icon>
        </IconStyle>
      </Style>
      <Point>
        <altitudeMode>absolute</altitudeMode>
        <coordinates>-91.783716,37.94929840958983,367.54314218921894</coordinates>
      </Point>
    </Placemark>
    <Placemark>
      <name>Drone 117</name>
      <Style>
        <IconStyle>
          <color>ff0000ff</color>
          <scale>0.6</scale>
          <Icon>
            <href>http://maps.google.com/mapfiles/kml/shapes/placemark_circle.png</href>
          </Icon>
        </IconStyle>
      </Style>
      <Point>
        <altitudeMode>absolute</altitudeMode>
        <coordinates>-91.783716,37.94929840958983,367.54314218921894</coordinates>
      </Point>
    </Placemark>
    <Placemark>
      <name>Drone 118</name>
      <Style>
        <IconStyle>
          <color>ff0000ff</color>
          <scale>0.6</scale>
          <Icon>
            <href>http://maps.google.com/mapfiles/kml/shapes/placemark_circle.png</href>
          </Icon>
        </IconStyle>
      </Style>
      <Point>
        <altitudeMode>absolute</altitudeMode>
        <coordinates>-91.783716,37.94973048127518,325.4071421892189</coordinates>
      </Point>
    </Placemark>
    <Placemark>
      <name>Drone 119</name>
      <Style>
        <IconStyle>
          <color>ff0000ff</color>
          <scale>0.6</scale>
          <Icon>
            <href>http://maps.google.com/mapfiles/kml/shapes/placemark_circle.png</href>
          </Icon>
        </IconStyle>
      </Style>
      <Point>
        <altitudeMode>absolute</altitudeMode>
        <coordinates>-91.783716,37.94929840958983,367.54314218921894</coordinates>
      </Point>
    </Placemark>
    <Placemark>
      <name>Drone 120</name>
      <Style>
        <IconStyle>
          <color>ff0000ff</color>
          <scale>0.6</scale>
          <Icon>
            <href>http://maps.google.com/mapfiles/kml/shapes/placemark_circle.png</href>
          </Icon>
        </IconStyle>
      </Style>
      <Point>
        <altitudeMode>absolute</altitudeMode>
        <coordinates>-91.783716,37.94973048127518,325.4071421892189</coordinates>
      </Point>
    </Placemark>
    <Placemark>
      <name>Drone 121</name>
      <Style>
        <IconStyle>
          <color>ff0000ff</color>
          <scale>0.6</scale>
          <Icon>
            <href>http://maps.google.com/mapfiles/kml/shapes/placemark_circle.png</href>
          </Icon>
        </IconStyle>
      </Style>
      <Point>
        <altitudeMode>absolute</altitudeMode>
        <coordinates>-91.783716,37.949635214939306,308.0631421892189</coordinates>
      </Point>
    </Placemark>
    <Placemark>
      <name>Drone 122</name>
      <Style>
        <IconStyle>
          <color>ff0000ff</color>
          <scale>0.6</scale>
          <Icon>
            <href>http://maps.google.com/mapfiles/kml/shapes/placemark_circle.png</href>
          </Icon>
        </IconStyle>
      </Style>
      <Point>
        <altitudeMode>absolute</altitudeMode>
        <coordinates>-91.783716,37.94973048127518,325.4071421892189</coordinates>
      </Point>
    </Placemark>
    <Placemark>
      <name>Drone 123</name>
      <Style>
        <IconStyle>
          <color>ff0000ff</color>
          <scale>0.6</scale>
          <Icon>
            <href>http://maps.google.com/mapfiles/kml/shapes/placemark_circle.png</href>
          </Icon>
        </IconStyle>
      </Style>
      <Point>
        <altitudeMode>absolute</altitudeMode>
        <coordinates>-91.783716,37.949635214939306,308.0631421892189</coordinates>
      </Point>
    </Placemark>
    <Placemark>
      <name>Drone 124</name>
      <Style>
        <IconStyle>
          <color>ff0000ff</color>
          <scale>0.6</scale>
          <Icon>
            <href>http://maps.google.com/mapfiles/kml/shapes/placemark_circle.png</href>
          </Icon>
        </IconStyle>
      </Style>
      <Point>
        <altitudeMode>absolute</altitudeMode>
        <coordinates>-91.783716,37.949635214939306,308.0631421892189</coordinates>
      </Point>
    </Placemark>
    <Placemark>
      <name>Drone 125</name>
      <Style>
        <IconStyle>
          <color>ff0000ff</color>
          <scale>0.6</scale>
          <Icon>
            <href>http://maps.google.com/mapfiles/kml/shapes/placemark_circle.png</href>
          </Icon>
        </IconStyle>
      </Style>
      <Point>
        <altitudeMode>absolute</altitudeMode>
        <coordinates>-91.783716,37.9496339213653,300.4821421892189</coordinates>
      </Point>
    </Placemark>
    <Placemark>
      <name>Drone 126</name>
      <Style>
        <IconStyle>
          <color>ff0000ff</color>
          <scale>0.6</scale>
          <Icon>
            <href>http://maps.google.com/mapfiles/kml/shapes/placemark_circle.png</href>
          </Icon>
        </IconStyle>
      </Style>
      <Point>
        <altitudeMode>absolute</altitudeMode>
        <coordinates>-91.783716,37.9496339213653,300.4821421892189</coordinates>
      </Point>
    </Placemark>
    <Placemark>
      <name>Drone 127</name>
      <Style>
        <IconStyle>
          <color>ff0000ff</color>
          <scale>0.6</scale>
          <Icon>
            <href>http://maps.google.com/mapfiles/kml/shapes/placemark_circle.png</href>
          </Icon>
        </IconStyle>
      </Style>
      <Point>
        <altitudeMode>absolute</altitudeMode>
        <coordinates>-91.783716,37.94969268915118,296.6501421892189</coordinates>
      </Point>
    </Placemark>
    <Placemark>
      <name>Drone 128</name>
      <Style>
        <IconStyle>
          <color>ff0000ff</color>
          <scale>0.6</scale>
          <Icon>
            <href>http://maps.google.com/mapfiles/kml/shapes/placemark_circle.png</href>
          </Icon>
        </IconStyle>
      </Style>
      <Point>
        <altitudeMode>absolute</altitudeMode>
        <coordinates>-91.783716,37.94969268915118,296.6501421892189</coordinates>
      </Point>
    </Placemark>
    <Placemark>
      <name>Drone 129</name>
      <Style>
        <IconStyle>
          <color>ff0000ff</color>
          <scale>0.6</scale>
          <Icon>
            <href>http://maps.google.com/mapfiles/kml/shapes/placemark_circle.png</href>
          </Icon>
        </IconStyle>
      </Style>
      <Point>
        <altitudeMode>absolute</altitudeMode>
        <coordinates>-91.783716,37.949753882388336,296.6501421892189</coordinates>
      </Point>
    </Placemark>
    <Placemark>
      <name>Drone 130</name>
      <Style>
        <IconStyle>
          <color>ff0000ff</color>
          <scale>0.6</scale>
          <Icon>
            <href>http://maps.google.com/mapfiles/kml/shapes/placemark_circle.png</href>
          </Icon>
        </IconStyle>
      </Style>
      <Point>
        <altitudeMode>absolute</altitudeMode>
        <coordinates>-91.783716,37.94969268915118,296.6501421892189</coordinates>
      </Point>
    </Placemark>
    <Placemark>
      <name>Drone 131</name>
      <Style>
        <IconStyle>
          <color>ff0000ff</color>
          <scale>0.6</scale>
          <Icon>
            <href>http://maps.google.com/mapfiles/kml/shapes/placemark_circle.png</href>
          </Icon>
        </IconStyle>
      </Style>
      <Point>
        <altitudeMode>absolute</altitudeMode>
        <coordinates>-91.783716,37.949753882388336,296.6501421892189</coordinates>
      </Point>
    </Placemark>
    <Placemark>
      <name>Drone 132</name>
      <Style>
        <IconStyle>
          <color>ff0000ff</color>
          <scale>0.6</scale>
          <Icon>
            <href>http://maps.google.com/mapfiles/kml/shapes/placemark_circle.png</href>
          </Icon>
        </IconStyle>
      </Style>
      <Point>
        <altitudeMode>absolute</altitudeMode>
        <coordinates>-91.783716,37.949753882388336,296.6501421892189</coordinates>
      </Point>
    </Placemark>
    <Placemark>
      <name>Drone 133</name>
      <Style>
        <IconStyle>
          <color>ff0000ff</color>
          <scale>0.6</scale>
          <Icon>
            <href>http://maps.google.com/mapfiles/kml/shapes/placemark_circle.png</href>
          </Icon>
        </IconStyle>
      </Style>
      <Point>
        <altitudeMode>absolute</altitudeMode>
        <coordinates>-91.783716,37.949753891371486,189.9771421892189</coordinates>
      </Point>
    </Placemark>
    <Placemark>
      <name>Drone 134</name>
      <Style>
        <IconStyle>
          <color>ff0000ff</color>
          <scale>0.6</scale>
          <Icon>
            <href>http://maps.google.com/mapfiles/kml/shapes/placemark_circle.png</href>
          </Icon>
        </IconStyle>
      </Style>
      <Point>
        <altitudeMode>absolute</altitudeMode>
        <coordinates>-91.783716,37.949753882388336,296.6501421892189</coordinates>
      </Point>
    </Placemark>
    <Placemark>
      <name>Drone 135</name>
      <Style>
        <IconStyle>
          <color>ff0000ff</color>
          <scale>0.6</scale>
          <Icon>
            <href>http://maps.google.com/mapfiles/kml/shapes/placemark_circle.png</href>
          </Icon>
        </IconStyle>
      </Style>
      <Point>
        <altitudeMode>absolute</altitudeMode>
        <coordinates>-91.783716,37.94975388687991,243.3136421892189</coordinates>
      </Point>
    </Placemark>
    <Placemark>
      <name>Drone 136</name>
      <Style>
        <IconStyle>
          <color>ff0000ff</color>
          <scale>0.6</scale>
          <Icon>
            <href>http://maps.google.com/mapfiles/kml/shapes/placemark_circle.png</href>
          </Icon>
        </IconStyle>
      </Style>
      <Point>
        <altitudeMode>absolute</altitudeMode>
        <coordinates>-91.783716,37.949753891371486,189.9771421892189</coordinates>
      </Point>
    </Placemark>
    <Placemark>
      <name>Drone 137</name>
      <Style>
        <IconStyle>
          <color>ff0000ff</color>
          <scale>0.6</scale>
          <Icon>
            <href>http://maps.google.com/mapfiles/kml/shapes/placemark_circle.png</href>
          </Icon>
        </IconStyle>
      </Style>
      <Point>
        <altitudeMode>absolute</altitudeMode>
        <coordinates>-91.783716,37.949753891371486,189.9771421892189</coordinates>
      </Point>
    </Placemark>
    <Placemark>
      <name>Drone 138</name>
      <Style>
        <IconStyle>
          <color>ff0000ff</color>
          <scale>0.6</scale>
          <Icon>
            <href>http://maps.google.com/mapfiles/kml/shapes/placemark_circle.png</href>
          </Icon>
        </IconStyle>
      </Style>
      <Point>
        <altitudeMode>absolute</altitudeMode>
        <coordinates>-91.783716,37.949821265017796,182.4771421892189</coordinates>
      </Point>
    </Placemark>
    <Placemark>
      <name>Drone 139</name>
      <Style>
        <IconStyle>
          <color>ff0000ff</color>
          <scale>0.6</scale>
          <Icon>
            <href>http://maps.google.com/mapfiles/kml/shapes/placemark_circle.png</href>
          </Icon>
        </IconStyle>
      </Style>
      <Point>
        <altitudeMode>absolute</altitudeMode>
        <coordinates>-91.783716,37.949821265017796,182.4771421892189</coordinates>
      </Point>
    </Placemark>
    <Placemark>
      <name>Drone 140</name>
      <Style>
        <IconStyle>
          <color>ff0000ff</color>
          <scale>0.6</scale>
          <Icon>
            <href>http://maps.google.com/mapfiles/kml/shapes/placemark_circle.png</href>
          </Icon>
        </IconStyle>
      </Style>
      <Point>
        <altitudeMode>absolute</altitudeMode>
        <coordinates>-91.783716,37.949888638664106,189.9771421892189</coordinates>
      </Point>
    </Placemark>
    <Placemark>
      <name>Drone 141</name>
      <Style>
        <IconStyle>
          <color>ff0000ff</color>
          <scale>0.6</scale>
          <Icon>
            <href>http://maps.google.com/mapfiles/kml/shapes/placemark_circle.png</href>
          </Icon>
        </IconStyle>
      </Style>
      <Point>
        <altitudeMode>absolute</altitudeMode>
        <coordinates>-91.783716,37.949888638664106,189.9771421892189</coordinates>
      </Point>
    </Placemark>
    <Placemark>
      <name>Drone 142</name>
      <Style>
        <IconStyle>
          <color>ff0000ff</color>
          <scale>0.6</scale>
          <Icon>
            <href>http://maps.google.com/mapfiles/kml/shapes/placemark_circle.png</href>
          </Icon>
        </IconStyle>
      </Style>
      <Point>
        <altitudeMode>absolute</altitudeMode>
        <coordinates>-91.783716,37.949888629680956,296.6501421892189</coordinates>
      </Point>
    </Placemark>
    <Placemark>
      <name>Drone 143</name>
      <Style>
        <IconStyle>
          <color>ff0000ff</color>
          <scale>0.6</scale>
          <Icon>
            <href>http://maps.google.com/mapfiles/kml/shapes/placemark_circle.png</href>
          </Icon>
        </IconStyle>
      </Style>
      <Point>
        <altitudeMode>absolute</altitudeMode>
        <coordinates>-91.783716,37.949888638664106,189.9771421892189</coordinates>
      </Point>
    </Placemark>
    <Placemark>
      <name>Drone 144</name>
      <Style>
        <IconStyle>
          <color>ff0000ff</color>
          <scale>0.6</scale>
          <Icon>
            <href>http://maps.google.com/mapfiles/kml/shapes/placemark_circle.png</href>
          </Icon>
        </IconStyle>
      </Style>
      <Point>
        <altitudeMode>absolute</altitudeMode>
        <coordinates>-91.783716,37.94988863417253,243.3136421892189</coordinates>
      </Point>
    </Placemark>
    <Placemark>
      <name>Drone 145</name>
      <Style>
        <IconStyle>
          <color>ff0000ff</color>
          <scale>0.6</scale>
          <Icon>
            <href>http://maps.google.com/mapfiles/kml/shapes/placemark_circle.png</href>
          </Icon>
        </IconStyle>
      </Style>
      <Point>
        <altitudeMode>absolute</altitudeMode>
        <coordinates>-91.783716,37.949888629680956,296.6501421892189</coordinates>
      </Point>
    </Placemark>
    <Placemark>
      <name>Drone 146</name>
      <Style>
        <IconStyle>
          <color>ff0000ff</color>
          <scale>0.6</scale>
          <Icon>
            <href>http://maps.google.com/mapfiles/kml/shapes/placemark_circle.png</href>
          </Icon>
        </IconStyle>
      </Style>
      <Point>
        <altitudeMode>absolute</altitudeMode>
        <coordinates>-91.783716,37.949888629680956,296.6501421892189</coordinates>
      </Point>
    </Placemark>
    <Placemark>
      <name>Drone 147</name>
      <Style>
        <IconStyle>
          <color>ff0000ff</color>
          <scale>0.6</scale>
          <Icon>
            <href>http://maps.google.com/mapfiles/kml/shapes/placemark_circle.png</href>
          </Icon>
        </IconStyle>
      </Style>
      <Point>
        <altitudeMode>absolute</altitudeMode>
        <coordinates>-91.783716,37.94994983190126,296.6501421892189</coordinates>
      </Point>
    </Placemark>
    <Placemark>
      <name>Drone 148</name>
      <Style>
        <IconStyle>
          <color>ff0000ff</color>
          <scale>0.6</scale>
          <Icon>
            <href>http://maps.google.com/mapfiles/kml/shapes/placemark_circle.png</href>
          </Icon>
        </IconStyle>
      </Style>
      <Point>
        <altitudeMode>absolute</altitudeMode>
        <coordinates>-91.783716,37.949888629680956,296.6501421892189</coordinates>
      </Point>
    </Placemark>
    <Placemark>
      <name>Drone 149</name>
      <Style>
        <IconStyle>
          <color>ff0000ff</color>
          <scale>0.6</scale>
          <Icon>
            <href>http://maps.google.com/mapfiles/kml/shapes/placemark_circle.png</href>
          </Icon>
        </IconStyle>
      </Style>
      <Point>
        <altitudeMode>absolute</altitudeMode>
        <coordinates>-91.783716,37.94994983190126,296.6501421892189</coordinates>
      </Point>
    </Placemark>
    <Placemark>
      <name>Drone 150</name>
      <Style>
        <IconStyle>
          <color>ff0000ff</color>
          <scale>0.6</scale>
          <Icon>
            <href>http://maps.google.com/mapfiles/kml/shapes/placemark_circle.png</href>
          </Icon>
        </IconStyle>
      </Style>
      <Point>
        <altitudeMode>absolute</altitudeMode>
        <coordinates>-91.783716,37.94994983190126,296.6501421892189</coordinates>
      </Point>
    </Placemark>
    <Placemark>
      <name>Drone 151</name>
      <Style>
        <IconStyle>
          <color>ff0000ff</color>
          <scale>0.6</scale>
          <Icon>
            <href>http://maps.google.com/mapfiles/kml/shapes/placemark_circle.png</href>
          </Icon>
        </IconStyle>
      </Style>
      <Point>
        <altitudeMode>absolute</altitudeMode>
        <coordinates>-91.783716,37.95001720554757,304.1501421892189</coordinates>
      </Point>
    </Placemark>
    <Placemark>
      <name>Drone 152</name>
      <Style>
        <IconStyle>
          <color>ff0000ff</color>
          <scale>0.6</scale>
          <Icon>
            <href>http://maps.google.com/mapfiles/kml/shapes/placemark_circle.png</href>
          </Icon>
        </IconStyle>
      </Style>
      <Point>
        <altitudeMode>absolute</altitudeMode>
        <coordinates>-91.783716,37.95001720554757,304.1501421892189</coordinates>
      </Point>
    </Placemark>
    <Placemark>
      <name>Drone 153</name>
      <Style>
        <IconStyle>
          <color>ff0000ff</color>
          <scale>0.6</scale>
          <Icon>
            <href>http://maps.google.com/mapfiles/kml/shapes/placemark_circle.png</href>
          </Icon>
        </IconStyle>
      </Style>
      <Point>
        <altitudeMode>absolute</altitudeMode>
        <coordinates>-91.783716,37.94994983190126,311.6501421892189</coordinates>
      </Point>
    </Placemark>
    <Placemark>
      <name>Drone 154</name>
      <Style>
        <IconStyle>
          <color>ff0000ff</color>
          <scale>0.6</scale>
          <Icon>
            <href>http://maps.google.com/mapfiles/kml/shapes/placemark_circle.png</href>
          </Icon>
        </IconStyle>
      </Style>
      <Point>
        <altitudeMode>absolute</altitudeMode>
        <coordinates>-91.783716,37.94994983190126,311.6501421892189</coordinates>
      </Point>
    </Placemark>
    <Placemark>
      <name>Drone 155</name>
      <Style>
        <IconStyle>
          <color>ff0000ff</color>
          <scale>0.6</scale>
          <Icon>
            <href>http://maps.google.com/mapfiles/kml/shapes/placemark_circle.png</href>
          </Icon>
        </IconStyle>
      </Style>
      <Point>
        <altitudeMode>absolute</altitudeMode>
        <coordinates>-91.783716,37.94981286576989,311.6501421892189</coordinates>
      </Point>
    </Placemark>
    <Placemark>
      <name>Drone 156</name>
      <Style>
        <IconStyle>
          <color>ff0000ff</color>
          <scale>0.6</scale>
          <Icon>
            <href>http://maps.google.com/mapfiles/kml/shapes/placemark_circle.png</href>
          </Icon>
        </IconStyle>
      </Style>
      <Point>
        <altitudeMode>absolute</altitudeMode>
        <coordinates>-91.783716,37.94994983190126,311.6501421892189</coordinates>
      </Point>
    </Placemark>
    <Placemark>
      <name>Drone 157</name>
      <Style>
        <IconStyle>
          <color>ff0000ff</color>
          <scale>0.6</scale>
          <Icon>
            <href>http://maps.google.com/mapfiles/kml/shapes/placemark_circle.png</href>
          </Icon>
        </IconStyle>
      </Style>
      <Point>
        <altitudeMode>absolute</altitudeMode>
        <coordinates>-91.783716,37.94981286576989,311.6501421892189</coordinates>
      </Point>
    </Placemark>
    <Placemark>
      <name>Drone 158</name>
      <Style>
        <IconStyle>
          <color>ff0000ff</color>
          <scale>0.6</scale>
          <Icon>
            <href>http://maps.google.com/mapfiles/kml/shapes/placemark_circle.png</href>
          </Icon>
        </IconStyle>
      </Style>
      <Point>
        <altitudeMode>absolute</altitudeMode>
        <coordinates>-91.783716,37.94981286576989,311.6501421892189</coordinates>
      </Point>
    </Placemark>
    <Placemark>
      <name>Drone 159</name>
      <Style>
        <IconStyle>
          <color>ff0000ff</color>
          <scale>0.6</scale>
          <Icon>
            <href>http://maps.google.com/mapfiles/kml/shapes/placemark_circle.png</href>
          </Icon>
        </IconStyle>
      </Style>
      <Point>
        <altitudeMode>absolute</altitudeMode>
        <coordinates>-91.783716,37.949871184398134,322.2681421892189</coordinates>
      </Point>
    </Placemark>
    <Placemark>
      <name>Drone 160</name>
      <Style>
        <IconStyle>
          <color>ff0000ff</color>
          <scale>0.6</scale>
          <Icon>
            <href>http://maps.google.com/mapfiles/kml/shapes/placemark_circle.png</href>
          </Icon>
        </IconStyle>
      </Style>
      <Point>
        <altitudeMode>absolute</altitudeMode>
        <coordinates>-91.783716,37.94981286576989,311.6501421892189</coordinates>
      </Point>
    </Placemark>
    <Placemark>
      <name>Drone 161</name>
      <Style>
        <IconStyle>
          <color>ff0000ff</color>
          <scale>0.6</scale>
          <Icon>
            <href>http://maps.google.com/mapfiles/kml/shapes/placemark_circle.png</href>
          </Icon>
        </IconStyle>
      </Style>
      <Point>
        <altitudeMode>absolute</altitudeMode>
        <coordinates>-91.783716,37.949871184398134,322.2681421892189</coordinates>
      </Point>
    </Placemark>
    <Placemark>
      <name>Drone 162</name>
      <Style>
        <IconStyle>
          <color>ff0000ff</color>
          <scale>0.6</scale>
          <Icon>
            <href>http://maps.google.com/mapfiles/kml/shapes/placemark_circle.png</href>
          </Icon>
        </IconStyle>
      </Style>
      <Point>
        <altitudeMode>absolute</altitudeMode>
        <coordinates>-91.783716,37.949871184398134,322.2681421892189</coordinates>
      </Point>
    </Placemark>
    <Placemark>
      <name>Drone 163</name>
      <Style>
        <IconStyle>
          <color>ff0000ff</color>
          <scale>0.6</scale>
          <Icon>
            <href>http://maps.google.com/mapfiles/kml/shapes/placemark_circle.png</href>
          </Icon>
        </IconStyle>
      </Style>
      <Point>
        <altitudeMode>absolute</altitudeMode>
        <coordinates>-91.783716,37.95048478763611,385.8601421892189</coordinates>
      </Point>
    </Placemark>
    <Placemark>
      <name>Drone 164</name>
      <Style>
        <IconStyle>
          <color>ff0000ff</color>
          <scale>0.6</scale>
          <Icon>
            <href>http://maps.google.com/mapfiles/kml/shapes/placemark_circle.png</href>
          </Icon>
        </IconStyle>
      </Style>
      <Point>
        <altitudeMode>absolute</altitudeMode>
        <coordinates>-91.783716,37.949871184398134,322.2681421892189</coordinates>
      </Point>
    </Placemark>
    <Placemark>
      <name>Drone 165</name>
      <Style>
        <IconStyle>
          <color>ff0000ff</color>
          <scale>0.6</scale>
          <Icon>
            <href>http://maps.google.com/mapfiles/kml/shapes/placemark_circle.png</href>
          </Icon>
        </IconStyle>
      </Style>
      <Point>
        <altitudeMode>absolute</altitudeMode>
        <coordinates>-91.783716,37.95048478763611,385.8601421892189</coordinates>
      </Point>
    </Placemark>
    <Placemark>
      <name>Drone 166</name>
      <Style>
        <IconStyle>
          <color>ff0000ff</color>
          <scale>0.6</scale>
          <Icon>
            <href>http://maps.google.com/mapfiles/kml/shapes/placemark_circle.png</href>
          </Icon>
        </IconStyle>
      </Style>
      <Point>
        <altitudeMode>absolute</altitudeMode>
        <coordinates>-91.783716,37.95081023828039,473.7001421892189</coordinates>
      </Point>
    </Placemark>
    <Placemark>
      <name>Drone 167</name>
      <Style>
        <IconStyle>
          <color>ff0000ff</color>
          <scale>0.6</scale>
          <Icon>
            <href>http://maps.google.com/mapfiles/kml/shapes/placemark_circle.png</href>
          </Icon>
        </IconStyle>
      </Style>
      <Point>
        <altitudeMode>absolute</altitudeMode>
        <coordinates>-91.783716,37.95048478763611,385.8601421892189</coordinates>
      </Point>
    </Placemark>
    <Placemark>
      <name>Drone 168</name>
      <Style>
        <IconStyle>
          <color>ff0000ff</color>
          <scale>0.6</scale>
          <Icon>
            <href>http://maps.google.com/mapfiles/kml/shapes/placemark_circle.png</href>
          </Icon>
        </IconStyle>
      </Style>
      <Point>
        <altitudeMode>absolute</altitudeMode>
        <coordinates>-91.783716,37.95081023828039,473.7001421892189</coordinates>
      </Point>
    </Placemark>
    <Placemark>
      <name>Drone 169</name>
      <Style>
        <IconStyle>
          <color>ff0000ff</color>
          <scale>0.6</scale>
          <Icon>
            <href>http://maps.google.com/mapfiles/kml/shapes/placemark_circle.png</href>
          </Icon>
        </IconStyle>
      </Style>
      <Point>
        <altitudeMode>absolute</altitudeMode>
        <coordinates>-91.783716,37.95057367593347,545.146142189219</coordinates>
      </Point>
    </Placemark>
    <Placemark>
      <name>Drone 170</name>
      <Style>
        <IconStyle>
          <color>ff0000ff</color>
          <scale>0.6</scale>
          <Icon>
            <href>http://maps.google.com/mapfiles/kml/shapes/placemark_circle.png</href>
          </Icon>
        </IconStyle>
      </Style>
      <Point>
        <altitudeMode>absolute</altitudeMode>
        <coordinates>-91.783716,37.95081023828039,473.7001421892189</coordinates>
      </Point>
    </Placemark>
    <Placemark>
      <name>Drone 171</name>
      <Style>
        <IconStyle>
          <color>ff0000ff</color>
          <scale>0.6</scale>
          <Icon>
            <href>http://maps.google.com/mapfiles/kml/shapes/placemark_circle.png</href>
          </Icon>
        </IconStyle>
      </Style>
      <Point>
        <altitudeMode>absolute</altitudeMode>
        <coordinates>-91.783716,37.94947124545049,421.510142189219</coordinates>
      </Point>
    </Placemark>
    <Placemark>
      <name>Drone 172</name>
      <Style>
        <IconStyle>
          <color>ff0000ff</color>
          <scale>0.6</scale>
          <Icon>
            <href>http://maps.google.com/mapfiles/kml/shapes/placemark_circle.png</href>
          </Icon>
        </IconStyle>
      </Style>
      <Point>
        <altitudeMode>absolute</altitudeMode>
        <coordinates>-91.783716,37.94985202333312,524.146142189219</coordinates>
      </Point>
    </Placemark>
    <Placemark>
      <name>Drone 173</name>
      <Style>
        <IconStyle>
          <color>ff0000ff</color>
          <scale>0.6</scale>
          <Icon>
            <href>http://maps.google.com/mapfiles/kml/shapes/placemark_circle.png</href>
          </Icon>
        </IconStyle>
      </Style>
      <Point>
        <altitudeMode>absolute</altitudeMode>
        <coordinates>-91.783716,37.94947124545049,421.510142189219</coordinates>
      </Point>
    </Placemark>
    <Placemark>
      <name>Drone 174</name>
      <Style>
        <IconStyle>
          <color>ff0000ff</color>
          <scale>0.6</scale>
          <Icon>
            <href>http://maps.google.com/mapfiles/kml/shapes/placemark_circle.png</href>
          </Icon>
        </IconStyle>
      </Style>
      <Point>
        <altitudeMode>absolute</altitudeMode>
        <coordinates>-91.783716,37.949755047952415,474.30264218921894</coordinates>
      </Point>
    </Placemark>
    <Placemark>
      <name>Drone 175</name>
      <Style>
        <IconStyle>
          <color>ff0000ff</color>
          <scale>0.6</scale>
          <Icon>
            <href>http://maps.google.com/mapfiles/kml/shapes/placemark_circle.png</href>
          </Icon>
        </IconStyle>
      </Style>
      <Point>
        <altitudeMode>absolute</altitudeMode>
        <coordinates>-91.783716,37.94985202333312,524.146142189219</coordinates>
      </Point>
    </Placemark>
    <Placemark>
      <name>Drone 176</name>
      <Style>
        <IconStyle>
          <color>ff0000ff</color>
          <scale>0.6</scale>
          <Icon>
            <href>http://maps.google.com/mapfiles/kml/shapes/placemark_circle.png</href>
          </Icon>
        </IconStyle>
      </Style>
      <Point>
        <altitudeMode>absolute</altitudeMode>
        <coordinates>-91.783716,37.94869919736271,652.4781421892189</coordinates>
      </Point>
    </Placemark>
    <Placemark>
      <name>Drone 177</name>
      <Style>
        <IconStyle>
          <color>ff0000ff</color>
          <scale>0.6</scale>
          <Icon>
            <href>http://maps.google.com/mapfiles/kml/shapes/placemark_circle.png</href>
          </Icon>
        </IconStyle>
      </Style>
      <Point>
        <altitudeMode>absolute</altitudeMode>
        <coordinates>-91.783716,37.94985202333312,524.146142189219</coordinates>
      </Point>
    </Placemark>
    <Placemark>
      <name>Drone 178</name>
      <Style>
        <IconStyle>
          <color>ff0000ff</color>
          <scale>0.6</scale>
          <Icon>
            <href>http://maps.google.com/mapfiles/kml/shapes/placemark_circle.png</href>
          </Icon>
        </IconStyle>
      </Style>
      <Point>
        <altitudeMode>absolute</altitudeMode>
        <coordinates>-91.783716,37.949761286050254,574.0511578142189</coordinates>
      </Point>
    </Placemark>
    <Placemark>
      <name>Drone 179</name>
      <Style>
        <IconStyle>
          <color>ff0000ff</color>
          <scale>0.6</scale>
          <Icon>
            <href>http://maps.google.com/mapfiles/kml/shapes/placemark_circle.png</href>
          </Icon>
        </IconStyle>
      </Style>
      <Point>
        <altitudeMode>absolute</altitudeMode>
        <coordinates>-91.783716,37.94951398841461,614.848267189219</coordinates>
      </Point>
    </Placemark>
    <Placemark>
      <name>Drone 180</name>
      <Style>
        <IconStyle>
          <color>ff0000ff</color>
          <scale>0.6</scale>
          <Icon>
            <href>http://maps.google.com/mapfiles/kml/shapes/placemark_circle.png</href>
          </Icon>
        </IconStyle>
      </Style>
      <Point>
        <altitudeMode>absolute</altitudeMode>
        <coordinates>-91.783716,37.949147501745614,642.3773140642189</coordinates>
      </Point>
    </Placemark>
    <Placemark>
      <name>Drone 181</name>
      <Style>
        <IconStyle>
          <color>ff0000ff</color>
          <scale>0.6</scale>
          <Icon>
            <href>http://maps.google.com/mapfiles/kml/shapes/placemark_circle.png</href>
          </Icon>
        </IconStyle>
      </Style>
      <Point>
        <altitudeMode>absolute</altitudeMode>
        <coordinates>-91.783716,37.94869919736271,652.4781421892189</coordinates>
      </Point>
    </Placemark>
    <Placemark>
      <name>Drone 182</name>
      <Style>
        <IconStyle>
          <color>ff0000ff</color>
          <scale>0.6</scale>
          <Icon>
            <href>http://maps.google.com/mapfiles/kml/shapes/placemark_circle.png</href>
          </Icon>
        </IconStyle>
      </Style>
      <Point>
        <altitudeMode>absolute</altitudeMode>
        <coordinates>-91.783716,37.94754637139229,524.146142189219</coordinates>
      </Point>
    </Placemark>
    <Placemark>
      <name>Drone 183</name>
      <Style>
        <IconStyle>
          <color>ff0000ff</color>
          <scale>0.6</scale>
          <Icon>
            <href>http://maps.google.com/mapfiles/kml/shapes/placemark_circle.png</href>
          </Icon>
        </IconStyle>
      </Style>
      <Point>
        <altitudeMode>absolute</altitudeMode>
        <coordinates>-91.783716,37.94869919736271,652.4781421892189</coordinates>
      </Point>
    </Placemark>
    <Placemark>
      <name>Drone 184</name>
      <Style>
        <IconStyle>
          <color>ff0000ff</color>
          <scale>0.6</scale>
          <Icon>
            <href>http://maps.google.com/mapfiles/kml/shapes/placemark_circle.png</href>
          </Icon>
        </IconStyle>
      </Style>
      <Point>
        <altitudeMode>absolute</altitudeMode>
        <coordinates>-91.783716,37.94825089297981,642.3773140642189</coordinates>
      </Point>
    </Placemark>
    <Placemark>
      <name>Drone 185</name>
      <Style>
        <IconStyle>
          <color>ff0000ff</color>
          <scale>0.6</scale>
          <Icon>
            <href>http://maps.google.com/mapfiles/kml/shapes/placemark_circle.png</href>
          </Icon>
        </IconStyle>
      </Style>
      <Point>
        <altitudeMode>absolute</altitudeMode>
        <coordinates>-91.783716,37.94788440631081,614.848267189219</coordinates>
      </Point>
    </Placemark>
    <Placemark>
      <name>Drone 186</name>
      <Style>
        <IconStyle>
          <color>ff0000ff</color>
          <scale>0.6</scale>
          <Icon>
            <href>http://maps.google.com/mapfiles/kml/shapes/placemark_circle.png</href>
          </Icon>
        </IconStyle>
      </Style>
      <Point>
        <altitudeMode>absolute</altitudeMode>
        <coordinates>-91.783716,37.94763710867516,574.0511578142189</coordinates>
      </Point>
    </Placemark>
    <Placemark>
      <name>Drone 187</name>
      <Style>
        <IconStyle>
          <color>ff0000ff</color>
          <scale>0.6</scale>
          <Icon>
            <href>http://maps.google.com/mapfiles/kml/shapes/placemark_circle.png</href>
          </Icon>
        </IconStyle>
      </Style>
      <Point>
        <altitudeMode>absolute</altitudeMode>
        <coordinates>-91.783716,37.94754637139229,524.146142189219</coordinates>
      </Point>
    </Placemark>
    <Placemark>
      <name>Drone 188</name>
      <Style>
        <IconStyle>
          <color>ff0000ff</color>
          <scale>0.6</scale>
          <Icon>
            <href>http://maps.google.com/mapfiles/kml/shapes/placemark_circle.png</href>
          </Icon>
        </IconStyle>
      </Style>
      <Point>
        <altitudeMode>absolute</altitudeMode>
        <coordinates>-91.783716,37.947927149274925,421.510142189219</coordinates>
      </Point>
    </Placemark>
    <Placemark>
      <name>Drone 189</name>
      <Style>
        <IconStyle>
          <color>ff0000ff</color>
          <scale>0.6</scale>
          <Icon>
            <href>http://maps.google.com/mapfiles/kml/shapes/placemark_circle.png</href>
          </Icon>
        </IconStyle>
      </Style>
      <Point>
        <altitudeMode>absolute</altitudeMode>
        <coordinates>-91.783716,37.94754637139229,524.146142189219</coordinates>
      </Point>
    </Placemark>
    <Placemark>
      <name>Drone 190</name>
      <Style>
        <IconStyle>
          <color>ff0000ff</color>
          <scale>0.6</scale>
          <Icon>
            <href>http://maps.google.com/mapfiles/kml/shapes/placemark_circle.png</href>
          </Icon>
        </IconStyle>
      </Style>
      <Point>
        <altitudeMode>absolute</altitudeMode>
        <coordinates>-91.783716,37.947643343404316,474.30301718921896</coordinates>
      </Point>
    </Placemark>
    <Placemark>
      <name>Drone 191</name>
      <Style>
        <IconStyle>
          <color>ff0000ff</color>
          <scale>0.6</scale>
          <Icon>
            <href>http://maps.google.com/mapfiles/kml/shapes/placemark_circle.png</href>
          </Icon>
        </IconStyle>
      </Style>
      <Point>
        <altitudeMode>absolute</altitudeMode>
        <coordinates>-91.783716,37.947927149274925,421.510142189219</coordinates>
      </Point>
    </Placemark>
    <Placemark>
      <name>Drone 192</name>
      <Style>
        <IconStyle>
          <color>ff0000ff</color>
          <scale>0.6</scale>
          <Icon>
            <href>http://maps.google.com/mapfiles/kml/shapes/placemark_circle.png</href>
          </Icon>
        </IconStyle>
      </Style>
      <Point>
        <altitudeMode>absolute</altitudeMode>
        <coordinates>-91.783716,37.94860833277172,349.85214218921897</coordinates>
      </Point>
    </Placemark>
    <Placemark>
      <name>Drone 193</name>
      <Style>
        <IconStyle>
          <color>ff0000ff</color>
          <scale>0.6</scale>
          <Icon>
            <href>http://maps.google.com/mapfiles/kml/shapes/placemark_circle.png</href>
          </Icon>
        </IconStyle>
      </Style>
      <Point>
        <altitudeMode>absolute</altitudeMode>
        <coordinates>-91.783716,37.947927149274925,421.510142189219</coordinates>
      </Point>
    </Placemark>
    <Placemark>
      <name>Drone 194</name>
      <Style>
        <IconStyle>
          <color>ff0000ff</color>
          <scale>0.6</scale>
          <Icon>
            <href>http://maps.google.com/mapfiles/kml/shapes/placemark_circle.png</href>
          </Icon>
        </IconStyle>
      </Style>
      <Point>
        <altitudeMode>absolute</altitudeMode>
        <coordinates>-91.783716,37.94824249948673,383.17989218921895</coordinates>
      </Point>
    </Placemark>
    <Placemark>
      <name>Drone 195</name>
      <Style>
        <IconStyle>
          <color>ff0000ff</color>
          <scale>0.6</scale>
          <Icon>
            <href>http://maps.google.com/mapfiles/kml/shapes/placemark_circle.png</href>
          </Icon>
        </IconStyle>
      </Style>
      <Point>
        <altitudeMode>absolute</altitudeMode>
        <coordinates>-91.783716,37.94860833277172,349.85214218921897</coordinates>
      </Point>
    </Placemark>
    <Placemark>
      <name>Drone 196</name>
      <Style>
        <IconStyle>
          <color>ff0000ff</color>
          <scale>0.6</scale>
          <Icon>
            <href>http://maps.google.com/mapfiles/kml/shapes/placemark_circle.png</href>
          </Icon>
        </IconStyle>
      </Style>
      <Point>
        <altitudeMode>absolute</altitudeMode>
        <coordinates>-91.783716,37.94849030312654,328.36414218921897</coordinates>
      </Point>
    </Placemark>
    <Placemark>
      <name>Drone 197</name>
      <Style>
        <IconStyle>
          <color>ff0000ff</color>
          <scale>0.6</scale>
          <Icon>
            <href>http://maps.google.com/mapfiles/kml/shapes/placemark_circle.png</href>
          </Icon>
        </IconStyle>
      </Style>
      <Point>
        <altitudeMode>absolute</altitudeMode>
        <coordinates>-91.783716,37.94860833277172,349.85214218921897</coordinates>
      </Point>
    </Placemark>
    <Placemark>
      <name>Drone 198</name>
      <Style>
        <IconStyle>
          <color>ff0000ff</color>
          <scale>0.6</scale>
          <Icon>
            <href>http://maps.google.com/mapfiles/kml/shapes/placemark_circle.png</href>
          </Icon>
        </IconStyle>
      </Style>
      <Point>
        <altitudeMode>absolute</altitudeMode>
        <coordinates>-91.783716,37.94849030312654,328.36414218921897</coordinates>
      </Point>
    </Placemark>
    <Placemark>
      <name>Drone 199</name>
      <Style>
        <IconStyle>
          <color>ff0000ff</color>
          <scale>0.6</scale>
          <Icon>
            <href>http://maps.google.com/mapfiles/kml/shapes/placemark_circle.png</href>
          </Icon>
        </IconStyle>
      </Style>
      <Point>
        <altitudeMode>absolute</altitudeMode>
        <coordinates>-91.783716,37.94849030312654,328.36414218921897</coordinates>
      </Point>
    </Placemark>
    <Placemark>
      <name>Drone 200</name>
      <Style>
        <IconStyle>
          <color>ff0000ff</color>
          <scale>0.6</scale>
          <Icon>
            <href>http://maps.google.com/mapfiles/kml/shapes/placemark_circle.png</href>
          </Icon>
        </IconStyle>
      </Style>
      <Point>
        <altitudeMode>absolute</altitudeMode>
        <coordinates>-91.783716,37.94848900955253,320.78314218921895</coordinates>
      </Point>
    </Placemark>
    <Placemark>
      <name>Drone 201</name>
      <Style>
        <IconStyle>
          <color>ff0000ff</color>
          <scale>0.6</scale>
          <Icon>
            <href>http://maps.google.com/mapfiles/kml/shapes/placemark_circle.png</href>
          </Icon>
        </IconStyle>
      </Style>
      <Point>
        <altitudeMode>absolute</altitudeMode>
        <coordinates>-91.783716,37.94848900955253,320.78314218921895</coordinates>
      </Point>
    </Placemark>
    <Placemark>
      <name>Drone 202</name>
      <Style>
        <IconStyle>
          <color>ff0000ff</color>
          <scale>0.6</scale>
          <Icon>
            <href>http://maps.google.com/mapfiles/kml/shapes/placemark_circle.png</href>
          </Icon>
        </IconStyle>
      </Style>
      <Point>
        <altitudeMode>absolute</altitudeMode>
        <coordinates>-91.783716,37.94854777733842,316.95114218921896</coordinates>
      </Point>
    </Placemark>
    <Placemark>
      <name>Drone 203</name>
      <Style>
        <IconStyle>
          <color>ff0000ff</color>
          <scale>0.6</scale>
          <Icon>
            <href>http://maps.google.com/mapfiles/kml/shapes/placemark_circle.png</href>
          </Icon>
        </IconStyle>
      </Style>
      <Point>
        <altitudeMode>absolute</altitudeMode>
        <coordinates>-91.783716,37.94854777733842,316.95114218921896</coordinates>
      </Point>
    </Placemark>
    <Placemark>
      <name>Drone 204</name>
      <Style>
        <IconStyle>
          <color>ff0000ff</color>
          <scale>0.6</scale>
          <Icon>
            <href>http://maps.google.com/mapfiles/kml/shapes/placemark_circle.png</href>
          </Icon>
        </IconStyle>
      </Style>
      <Point>
        <altitudeMode>absolute</altitudeMode>
        <coordinates>-91.783716,37.9486318237164,316.95114218921896</coordinates>
      </Point>
    </Placemark>
    <Placemark>
      <name>Drone 205</name>
      <Style>
        <IconStyle>
          <color>ff0000ff</color>
          <scale>0.6</scale>
          <Icon>
            <href>http://maps.google.com/mapfiles/kml/shapes/placemark_circle.png</href>
          </Icon>
        </IconStyle>
      </Style>
      <Point>
        <altitudeMode>absolute</altitudeMode>
        <coordinates>-91.783716,37.94854777733842,316.95114218921896</coordinates>
      </Point>
    </Placemark>
    <Placemark>
      <name>Drone 206</name>
      <Style>
        <IconStyle>
          <color>ff0000ff</color>
          <scale>0.6</scale>
          <Icon>
            <href>http://maps.google.com/mapfiles/kml/shapes/placemark_circle.png</href>
          </Icon>
        </IconStyle>
      </Style>
      <Point>
        <altitudeMode>absolute</altitudeMode>
        <coordinates>-91.783716,37.9486318237164,316.95114218921896</coordinates>
      </Point>
    </Placemark>
    <Placemark>
      <name>Drone 207</name>
      <Style>
        <IconStyle>
          <color>ff0000ff</color>
          <scale>0.6</scale>
          <Icon>
            <href>http://maps.google.com/mapfiles/kml/shapes/placemark_circle.png</href>
          </Icon>
        </IconStyle>
      </Style>
      <Point>
        <altitudeMode>absolute</altitudeMode>
        <coordinates>-91.783716,37.9486318237164,316.95114218921896</coordinates>
      </Point>
    </Placemark>
    <Placemark>
      <name>Drone 208</name>
      <Style>
        <IconStyle>
          <color>ff0000ff</color>
          <scale>0.6</scale>
          <Icon>
            <href>http://maps.google.com/mapfiles/kml/shapes/placemark_circle.png</href>
          </Icon>
        </IconStyle>
      </Style>
      <Point>
        <altitudeMode>absolute</altitudeMode>
        <coordinates>-91.783716,37.9486318237164,189.97814218921894</coordinates>
      </Point>
    </Placemark>
    <Placemark>
      <name>Drone 209</name>
      <Style>
        <IconStyle>
          <color>ff0000ff</color>
          <scale>0.6</scale>
          <Icon>
            <href>http://maps.google.com/mapfiles/kml/shapes/placemark_circle.png</href>
          </Icon>
        </IconStyle>
      </Style>
      <Point>
        <altitudeMode>absolute</altitudeMode>
        <coordinates>-91.783716,37.9486318237164,316.95114218921896</coordinates>
      </Point>
    </Placemark>
    <Placemark>
      <name>Drone 210</name>
      <Style>
        <IconStyle>
          <color>ff0000ff</color>
          <scale>0.6</scale>
          <Icon>
            <href>http://maps.google.com/mapfiles/kml/shapes/placemark_circle.png</href>
          </Icon>
        </IconStyle>
      </Style>
      <Point>
        <altitudeMode>absolute</altitudeMode>
        <coordinates>-91.783716,37.9486318237164,253.46464218921892</coordinates>
      </Point>
    </Placemark>
    <Placemark>
      <name>Drone 211</name>
      <Style>
        <IconStyle>
          <color>ff0000ff</color>
          <scale>0.6</scale>
          <Icon>
            <href>http://maps.google.com/mapfiles/kml/shapes/placemark_circle.png</href>
          </Icon>
        </IconStyle>
      </Style>
      <Point>
        <altitudeMode>absolute</altitudeMode>
        <coordinates>-91.783716,37.9486318237164,189.97814218921894</coordinates>
      </Point>
    </Placemark>
    <Placemark>
      <name>Drone 212</name>
      <Style>
        <IconStyle>
          <color>ff0000ff</color>
          <scale>0.6</scale>
          <Icon>
            <href>http://maps.google.com/mapfiles/kml/shapes/placemark_circle.png</href>
          </Icon>
        </IconStyle>
      </Style>
      <Point>
        <altitudeMode>absolute</altitudeMode>
        <coordinates>-91.783716,37.9486318237164,189.97814218921894</coordinates>
      </Point>
    </Placemark>
    <Placemark>
      <name>Drone 213</name>
      <Style>
        <IconStyle>
          <color>ff0000ff</color>
          <scale>0.6</scale>
          <Icon>
            <href>http://maps.google.com/mapfiles/kml/shapes/placemark_circle.png</href>
          </Icon>
        </IconStyle>
      </Style>
      <Point>
        <altitudeMode>absolute</altitudeMode>
        <coordinates>-91.783716,37.94869919736271,182.47814218921894</coordinates>
      </Point>
    </Placemark>
    <Placemark>
      <name>Drone 214</name>
      <Style>
        <IconStyle>
          <color>ff0000ff</color>
          <scale>0.6</scale>
          <Icon>
            <href>http://maps.google.com/mapfiles/kml/shapes/placemark_circle.png</href>
          </Icon>
        </IconStyle>
      </Style>
      <Point>
        <altitudeMode>absolute</altitudeMode>
        <coordinates>-91.783716,37.94869919736271,182.47814218921894</coordinates>
      </Point>
    </Placemark>
    <Placemark>
      <name>Drone 215</name>
      <Style>
        <IconStyle>
          <color>ff0000ff</color>
          <scale>0.6</scale>
          <Icon>
            <href>http://maps.google.com/mapfiles/kml/shapes/placemark_circle.png</href>
          </Icon>
        </IconStyle>
      </Style>
      <Point>
        <altitudeMode>absolute</altitudeMode>
        <coordinates>-91.783716,37.94876657100902,189.97814218921894</coordinates>
      </Point>
    </Placemark>
    <Placemark>
      <name>Drone 216</name>
      <Style>
        <IconStyle>
          <color>ff0000ff</color>
          <scale>0.6</scale>
          <Icon>
            <href>http://maps.google.com/mapfiles/kml/shapes/placemark_circle.png</href>
          </Icon>
        </IconStyle>
      </Style>
      <Point>
        <altitudeMode>absolute</altitudeMode>
        <coordinates>-91.783716,37.94876657100902,189.97814218921894</coordinates>
      </Point>
    </Placemark>
    <Placemark>
      <name>Drone 217</name>
      <Style>
        <IconStyle>
          <color>ff0000ff</color>
          <scale>0.6</scale>
          <Icon>
            <href>http://maps.google.com/mapfiles/kml/shapes/placemark_circle.png</href>
          </Icon>
        </IconStyle>
      </Style>
      <Point>
        <altitudeMode>absolute</altitudeMode>
        <coordinates>-91.783716,37.94876657100902,316.95114218921896</coordinates>
      </Point>
    </Placemark>
    <Placemark>
      <name>Drone 218</name>
      <Style>
        <IconStyle>
          <color>ff0000ff</color>
          <scale>0.6</scale>
          <Icon>
            <href>http://maps.google.com/mapfiles/kml/shapes/placemark_circle.png</href>
          </Icon>
        </IconStyle>
      </Style>
      <Point>
        <altitudeMode>absolute</altitudeMode>
        <coordinates>-91.783716,37.94876657100902,189.97814218921894</coordinates>
      </Point>
    </Placemark>
    <Placemark>
      <name>Drone 219</name>
      <Style>
        <IconStyle>
          <color>ff0000ff</color>
          <scale>0.6</scale>
          <Icon>
            <href>http://maps.google.com/mapfiles/kml/shapes/placemark_circle.png</href>
          </Icon>
        </IconStyle>
      </Style>
      <Point>
        <altitudeMode>absolute</altitudeMode>
        <coordinates>-91.783716,37.94876657100902,253.46464218921892</coordinates>
      </Point>
    </Placemark>
    <Placemark>
      <name>Drone 220</name>
      <Style>
        <IconStyle>
          <color>ff0000ff</color>
          <scale>0.6</scale>
          <Icon>
            <href>http://maps.google.com/mapfiles/kml/shapes/placemark_circle.png</href>
          </Icon>
        </IconStyle>
      </Style>
      <Point>
        <altitudeMode>absolute</altitudeMode>
        <coordinates>-91.783716,37.94876657100902,316.95114218921896</coordinates>
      </Point>
    </Placemark>
    <Placemark>
      <name>Drone 221</name>
      <Style>
        <IconStyle>
          <color>ff0000ff</color>
          <scale>0.6</scale>
          <Icon>
            <href>http://maps.google.com/mapfiles/kml/shapes/placemark_circle.png</href>
          </Icon>
        </IconStyle>
      </Style>
      <Point>
        <altitudeMode>absolute</altitudeMode>
        <coordinates>-91.783716,37.94876657100902,316.95114218921896</coordinates>
      </Point>
    </Placemark>
    <Placemark>
      <name>Drone 222</name>
      <Style>
        <IconStyle>
          <color>ff0000ff</color>
          <scale>0.6</scale>
          <Icon>
            <href>http://maps.google.com/mapfiles/kml/shapes/placemark_circle.png</href>
          </Icon>
        </IconStyle>
      </Style>
      <Point>
        <altitudeMode>absolute</altitudeMode>
        <coordinates>-91.783716,37.94885062637015,316.95114218921896</coordinates>
      </Point>
    </Placemark>
    <Placemark>
      <name>Drone 223</name>
      <Style>
        <IconStyle>
          <color>ff0000ff</color>
          <scale>0.6</scale>
          <Icon>
            <href>http://maps.google.com/mapfiles/kml/shapes/placemark_circle.png</href>
          </Icon>
        </IconStyle>
      </Style>
      <Point>
        <altitudeMode>absolute</altitudeMode>
        <coordinates>-91.783716,37.94876657100902,316.95114218921896</coordinates>
      </Point>
    </Placemark>
    <Placemark>
      <name>Drone 224</name>
      <Style>
        <IconStyle>
          <color>ff0000ff</color>
          <scale>0.6</scale>
          <Icon>
            <href>http://maps.google.com/mapfiles/kml/shapes/placemark_circle.png</href>
          </Icon>
        </IconStyle>
      </Style>
      <Point>
        <altitudeMode>absolute</altitudeMode>
        <coordinates>-91.783716,37.94885062637015,316.95114218921896</coordinates>
      </Point>
    </Placemark>
    <Placemark>
      <name>Drone 225</name>
      <Style>
        <IconStyle>
          <color>ff0000ff</color>
          <scale>0.6</scale>
          <Icon>
            <href>http://maps.google.com/mapfiles/kml/shapes/placemark_circle.png</href>
          </Icon>
        </IconStyle>
      </Style>
      <Point>
        <altitudeMode>absolute</altitudeMode>
        <coordinates>-91.783716,37.94885062637015,316.95114218921896</coordinates>
      </Point>
    </Placemark>
    <Placemark>
      <name>Drone 226</name>
      <Style>
        <IconStyle>
          <color>ff0000ff</color>
          <scale>0.6</scale>
          <Icon>
            <href>http://maps.google.com/mapfiles/kml/shapes/placemark_circle.png</href>
          </Icon>
        </IconStyle>
      </Style>
      <Point>
        <altitudeMode>absolute</altitudeMode>
        <coordinates>-91.783716,37.94891800001646,324.45114218921896</coordinates>
      </Point>
    </Placemark>
    <Placemark>
      <name>Drone 227</name>
      <Style>
        <IconStyle>
          <color>ff0000ff</color>
          <scale>0.6</scale>
          <Icon>
            <href>http://maps.google.com/mapfiles/kml/shapes/placemark_circle.png</href>
          </Icon>
        </IconStyle>
      </Style>
      <Point>
        <altitudeMode>absolute</altitudeMode>
        <coordinates>-91.783716,37.94891800001646,324.45114218921896</coordinates>
      </Point>
    </Placemark>
    <Placemark>
      <name>Drone 228</name>
      <Style>
        <IconStyle>
          <color>ff0000ff</color>
          <scale>0.6</scale>
          <Icon>
            <href>http://maps.google.com/mapfiles/kml/shapes/placemark_circle.png</href>
          </Icon>
        </IconStyle>
      </Style>
      <Point>
        <altitudeMode>absolute</altitudeMode>
        <coordinates>-91.783716,37.94885062637015,331.95114218921896</coordinates>
      </Point>
    </Placemark>
    <Placemark>
      <name>Drone 229</name>
      <Style>
        <IconStyle>
          <color>ff0000ff</color>
          <scale>0.6</scale>
          <Icon>
            <href>http://maps.google.com/mapfiles/kml/shapes/placemark_circle.png</href>
          </Icon>
        </IconStyle>
      </Style>
      <Point>
        <altitudeMode>absolute</altitudeMode>
        <coordinates>-91.783716,37.94885062637015,331.95114218921896</coordinates>
      </Point>
    </Placemark>
    <Placemark>
      <name>Drone 230</name>
      <Style>
        <IconStyle>
          <color>ff0000ff</color>
          <scale>0.6</scale>
          <Icon>
            <href>http://maps.google.com/mapfiles/kml/shapes/placemark_circle.png</href>
          </Icon>
        </IconStyle>
      </Style>
      <Point>
        <altitudeMode>absolute</altitudeMode>
        <coordinates>-91.783716,37.94866793599082,331.95114218921896</coordinates>
      </Point>
    </Placemark>
    <Placemark>
      <name>Drone 231</name>
      <Style>
        <IconStyle>
          <color>ff0000ff</color>
          <scale>0.6</scale>
          <Icon>
            <href>http://maps.google.com/mapfiles/kml/shapes/placemark_circle.png</href>
          </Icon>
        </IconStyle>
      </Style>
      <Point>
        <altitudeMode>absolute</altitudeMode>
        <coordinates>-91.783716,37.94885062637015,331.95114218921896</coordinates>
      </Point>
    </Placemark>
    <Placemark>
      <name>Drone 232</name>
      <Style>
        <IconStyle>
          <color>ff0000ff</color>
          <scale>0.6</scale>
          <Icon>
            <href>http://maps.google.com/mapfiles/kml/shapes/placemark_circle.png</href>
          </Icon>
        </IconStyle>
      </Style>
      <Point>
        <altitudeMode>absolute</altitudeMode>
        <coordinates>-91.783716,37.94866793599082,331.95114218921896</coordinates>
      </Point>
    </Placemark>
    <Placemark>
      <name>Drone 233</name>
      <Style>
        <IconStyle>
          <color>ff0000ff</color>
          <scale>0.6</scale>
          <Icon>
            <href>http://maps.google.com/mapfiles/kml/shapes/placemark_circle.png</href>
          </Icon>
        </IconStyle>
      </Style>
      <Point>
        <altitudeMode>absolute</altitudeMode>
        <coordinates>-91.783716,37.94866793599082,331.95114218921896</coordinates>
      </Point>
    </Placemark>
    <Placemark>
      <name>Drone 234</name>
      <Style>
        <IconStyle>
          <color>ff0000ff</color>
          <scale>0.6</scale>
          <Icon>
            <href>http://maps.google.com/mapfiles/kml/shapes/placemark_circle.png</href>
          </Icon>
        </IconStyle>
      </Style>
      <Point>
        <altitudeMode>absolute</altitudeMode>
        <coordinates>-91.783716,37.9487491257262,346.73214218921896</coordinates>
      </Point>
    </Placemark>
    <Placemark>
      <name>Drone 235</name>
      <Style>
        <IconStyle>
          <color>ff0000ff</color>
          <scale>0.6</scale>
          <Icon>
            <href>http://maps.google.com/mapfiles/kml/shapes/placemark_circle.png</href>
          </Icon>
        </IconStyle>
      </Style>
      <Point>
        <altitudeMode>absolute</altitudeMode>
        <coordinates>-91.783716,37.94866793599082,331.95114218921896</coordinates>
      </Point>
    </Placemark>
    <Placemark>
      <name>Drone 236</name>
      <Style>
        <IconStyle>
          <color>ff0000ff</color>
          <scale>0.6</scale>
          <Icon>
            <href>http://maps.google.com/mapfiles/kml/shapes/placemark_circle.png</href>
          </Icon>
        </IconStyle>
      </Style>
      <Point>
        <altitudeMode>absolute</altitudeMode>
        <coordinates>-91.783716,37.9487491257262,346.73214218921896</coordinates>
      </Point>
    </Placemark>
    <Placemark>
      <name>Drone 237</name>
      <Style>
        <IconStyle>
          <color>ff0000ff</color>
          <scale>0.6</scale>
          <Icon>
            <href>http://maps.google.com/mapfiles/kml/shapes/placemark_circle.png</href>
          </Icon>
        </IconStyle>
      </Style>
      <Point>
        <altitudeMode>absolute</altitudeMode>
        <coordinates>-91.783716,37.9487491257262,346.73214218921896</coordinates>
      </Point>
    </Placemark>
    <Placemark>
      <name>Drone 238</name>
      <Style>
        <IconStyle>
          <color>ff0000ff</color>
          <scale>0.6</scale>
          <Icon>
            <href>http://maps.google.com/mapfiles/kml/shapes/placemark_circle.png</href>
          </Icon>
        </IconStyle>
      </Style>
      <Point>
        <altitudeMode>absolute</altitudeMode>
        <coordinates>-91.783716,37.94947124545049,421.510142189219</coordinates>
      </Point>
    </Placemark>
    <Placemark>
      <name>Drone 239</name>
      <Style>
        <IconStyle>
          <color>ff0000ff</color>
          <scale>0.6</scale>
          <Icon>
            <href>http://maps.google.com/mapfiles/kml/shapes/placemark_circle.png</href>
          </Icon>
        </IconStyle>
      </Style>
      <Point>
        <altitudeMode>absolute</altitudeMode>
        <coordinates>-91.783716,37.9487491257262,346.73214218921896</coordinates>
      </Point>
    </Placemark>
    <Placemark>
      <name>Drone 240</name>
      <Style>
        <IconStyle>
          <color>ff0000ff</color>
          <scale>0.6</scale>
          <Icon>
            <href>http://maps.google.com/mapfiles/kml/shapes/placemark_circle.png</href>
          </Icon>
        </IconStyle>
      </Style>
      <Point>
        <altitudeMode>absolute</altitudeMode>
        <coordinates>-91.783716,37.949136976718805,381.21114218921895</coordinates>
      </Point>
    </Placemark>
    <Placemark>
      <name>Drone 241</name>
      <Style>
        <IconStyle>
          <color>ff0000ff</color>
          <scale>0.6</scale>
          <Icon>
            <href>http://maps.google.com/mapfiles/kml/shapes/placemark_circle.png</href>
          </Icon>
        </IconStyle>
      </Style>
      <Point>
        <altitudeMode>absolute</altitudeMode>
        <coordinates>-91.783716,37.94803338404043,430.73814218921893</coordinates>
      </Point>
    </Placemark>
    <Placemark>
      <name>Drone 242</name>
      <Style>
        <IconStyle>
          <color>ff0000ff</color>
          <scale>0.6</scale>
          <Icon>
            <href>http://maps.google.com/mapfiles/kml/shapes/placemark_circle.png</href>
          </Icon>
        </IconStyle>
      </Style>
      <Point>
        <altitudeMode>absolute</altitudeMode>
        <coordinates>-91.783716,37.94768111868491,524.146142189219</coordinates>
      </Point>
    </Placemark>
    <Placemark>
      <name>Drone 243</name>
      <Style>
        <IconStyle>
          <color>ff0000ff</color>
          <scale>0.6</scale>
          <Icon>
            <href>http://maps.google.com/mapfiles/kml/shapes/placemark_circle.png</href>
          </Icon>
        </IconStyle>
      </Style>
      <Point>
        <altitudeMode>absolute</altitudeMode>
        <coordinates>-91.783716,37.94803338404043,430.73814218921893</coordinates>
      </Point>
    </Placemark>
    <Placemark>
      <name>Drone 244</name>
      <Style>
        <IconStyle>
          <color>ff0000ff</color>
          <scale>0.6</scale>
          <Icon>
            <href>http://maps.google.com/mapfiles/kml/shapes/placemark_circle.png</href>
          </Icon>
        </IconStyle>
      </Style>
      <Point>
        <altitudeMode>absolute</altitudeMode>
        <coordinates>-91.783716,37.947770831186546,479.18439218921895</coordinates>
      </Point>
    </Placemark>
    <Placemark>
      <name>Drone 245</name>
      <Style>
        <IconStyle>
          <color>ff0000ff</color>
          <scale>0.6</scale>
          <Icon>
            <href>http://maps.google.com/mapfiles/kml/shapes/placemark_circle.png</href>
          </Icon>
        </IconStyle>
      </Style>
      <Point>
        <altitudeMode>absolute</altitudeMode>
        <coordinates>-91.783716,37.94768111868491,524.146142189219</coordinates>
      </Point>
    </Placemark>
    <Placemark>
      <name>Drone 246</name>
      <Style>
        <IconStyle>
          <color>ff0000ff</color>
          <scale>0.6</scale>
          <Icon>
            <href>http://maps.google.com/mapfiles/kml/shapes/placemark_circle.png</href>
          </Icon>
        </IconStyle>
      </Style>
      <Point>
        <altitudeMode>absolute</altitudeMode>
        <coordinates>-91.783716,37.94869919736271,637.4781421892189</coordinates>
      </Point>
    </Placemark>
    <Placemark>
      <name>Drone 247</name>
      <Style>
        <IconStyle>
          <color>ff0000ff</color>
          <scale>0.6</scale>
          <Icon>
            <href>http://maps.google.com/mapfiles/kml/shapes/placemark_circle.png</href>
          </Icon>
        </IconStyle>
      </Style>
      <Point>
        <altitudeMode>absolute</altitudeMode>
        <coordinates>-91.783716,37.94768111868491,524.146142189219</coordinates>
      </Point>
    </Placemark>
    <Placemark>
      <name>Drone 248</name>
      <Style>
        <IconStyle>
          <color>ff0000ff</color>
          <scale>0.6</scale>
          <Icon>
            <href>http://maps.google.com/mapfiles/kml/shapes/placemark_circle.png</href>
          </Icon>
        </IconStyle>
      </Style>
      <Point>
        <altitudeMode>absolute</altitudeMode>
        <coordinates>-91.783716,37.94782031696341,581.3027347818115</coordinates>
      </Point>
    </Placemark>
    <Placemark>
      <name>Drone 249</name>
      <Style>
        <IconStyle>
          <color>ff0000ff</color>
          <scale>0.6</scale>
          <Icon>
            <href>http://maps.google.com/mapfiles/kml/shapes/placemark_circle.png</href>
          </Icon>
        </IconStyle>
      </Style>
      <Point>
        <altitudeMode>absolute</altitudeMode>
        <coordinates>-91.783716,37.94818575494808,621.9828829299597</coordinates>
      </Point>
    </Placemark>
    <Placemark>
      <name>Drone 250</name>
      <Style>
        <IconStyle>
          <color>ff0000ff</color>
          <scale>0.6</scale>
          <Icon>
            <href>http://maps.google.com/mapfiles/kml/shapes/placemark_circle.png</href>
          </Icon>
        </IconStyle>
      </Style>
      <Point>
        <altitudeMode>absolute</altitudeMode>
        <coordinates>-91.783716,37.94869919736271,637.4781421892189</coordinates>
      </Point>
    </Placemark>
    <Placemark>
      <name>Drone 251</name>
      <Style>
        <IconStyle>
          <color>ff0000ff</color>
          <scale>0.6</scale>
          <Icon>
            <href>http://maps.google.com/mapfiles/kml/shapes/placemark_circle.png</href>
          </Icon>
        </IconStyle>
      </Style>
      <Point>
        <altitudeMode>absolute</altitudeMode>
        <coordinates>-91.783716,37.94971727604051,524.146142189219</coordinates>
      </Point>
    </Placemark>
    <Placemark>
      <name>Drone 252</name>
      <Style>
        <IconStyle>
          <color>ff0000ff</color>
          <scale>0.6</scale>
          <Icon>
            <href>http://maps.google.com/mapfiles/kml/shapes/placemark_circle.png</href>
          </Icon>
        </IconStyle>
      </Style>
      <Point>
        <altitudeMode>absolute</altitudeMode>
        <coordinates>-91.783716,37.94869919736271,637.4781421892189</coordinates>
      </Point>
    </Placemark>
    <Placemark>
      <name>Drone 253</name>
      <Style>
        <IconStyle>
          <color>ff0000ff</color>
          <scale>0.6</scale>
          <Icon>
            <href>http://maps.google.com/mapfiles/kml/shapes/placemark_circle.png</href>
          </Icon>
        </IconStyle>
      </Style>
      <Point>
        <altitudeMode>absolute</altitudeMode>
        <coordinates>-91.783716,37.949212639777336,621.9828829299597</coordinates>
      </Point>
    </Placemark>
    <Placemark>
      <name>Drone 254</name>
      <Style>
        <IconStyle>
          <color>ff0000ff</color>
          <scale>0.6</scale>
          <Icon>
            <href>http://maps.google.com/mapfiles/kml/shapes/placemark_circle.png</href>
          </Icon>
        </IconStyle>
      </Style>
      <Point>
        <altitudeMode>absolute</altitudeMode>
        <coordinates>-91.783716,37.94957807776201,581.3027347818115</coordinates>
      </Point>
    </Placemark>
    <Placemark>
      <name>Drone 255</name>
      <Style>
        <IconStyle>
          <color>ff0000ff</color>
          <scale>0.6</scale>
          <Icon>
            <href>http://maps.google.com/mapfiles/kml/shapes/placemark_circle.png</href>
          </Icon>
        </IconStyle>
      </Style>
      <Point>
        <altitudeMode>absolute</altitudeMode>
        <coordinates>-91.783716,37.94971727604051,524.146142189219</coordinates>
      </Point>
    </Placemark>
    <Placemark>
      <name>Drone 256</name>
      <Style>
        <IconStyle>
          <color>ff0000ff</color>
          <scale>0.6</scale>
          <Icon>
            <href>http://maps.google.com/mapfiles/kml/shapes/placemark_circle.png</href>
          </Icon>
        </IconStyle>
      </Style>
      <Point>
        <altitudeMode>absolute</altitudeMode>
        <coordinates>-91.783716,37.94936501068499,430.73814218921893</coordinates>
      </Point>
    </Placemark>
    <Placemark>
      <name>Drone 257</name>
      <Style>
        <IconStyle>
          <color>ff0000ff</color>
          <scale>0.6</scale>
          <Icon>
            <href>http://maps.google.com/mapfiles/kml/shapes/placemark_circle.png</href>
          </Icon>
        </IconStyle>
      </Style>
      <Point>
        <altitudeMode>absolute</altitudeMode>
        <coordinates>-91.783716,37.94971727604051,524.146142189219</coordinates>
      </Point>
    </Placemark>
    <Placemark>
      <name>Drone 258</name>
      <Style>
        <IconStyle>
          <color>ff0000ff</color>
          <scale>0.6</scale>
          <Icon>
            <href>http://maps.google.com/mapfiles/kml/shapes/placemark_circle.png</href>
          </Icon>
        </IconStyle>
      </Style>
      <Point>
        <altitudeMode>absolute</altitudeMode>
        <coordinates>-91.783716,37.94962756353887,479.18439218921895</coordinates>
      </Point>
    </Placemark>
    <Placemark>
      <name>Drone 259</name>
      <Style>
        <IconStyle>
          <color>ff0000ff</color>
          <scale>0.6</scale>
          <Icon>
            <href>http://maps.google.com/mapfiles/kml/shapes/placemark_circle.png</href>
          </Icon>
        </IconStyle>
      </Style>
      <Point>
        <altitudeMode>absolute</altitudeMode>
        <coordinates>-91.783716,37.94936501068499,430.73814218921893</coordinates>
      </Point>
    </Placemark>
    <Placemark>
      <name>Drone 260</name>
      <Style>
        <IconStyle>
          <color>ff0000ff</color>
          <scale>0.6</scale>
          <Icon>
            <href>http://maps.google.com/mapfiles/kml/shapes/placemark_circle.png</href>
          </Icon>
        </IconStyle>
      </Style>
      <Point>
        <altitudeMode>absolute</altitudeMode>
        <coordinates>-91.783716,37.94869919736271,361.0821421892189</coordinates>
      </Point>
    </Placemark>
    <Placemark>
      <name>Drone 261</name>
      <Style>
        <IconStyle>
          <color>ff0000ff</color>
          <scale>0.6</scale>
          <Icon>
            <href>http://maps.google.com/mapfiles/kml/shapes/placemark_circle.png</href>
          </Icon>
        </IconStyle>
      </Style>
      <Point>
        <altitudeMode>absolute</altitudeMode>
        <coordinates>-91.783716,37.94936501068499,430.73814218921893</coordinates>
      </Point>
    </Placemark>
    <Placemark>
      <name>Drone 262</name>
      <Style>
        <IconStyle>
          <color>ff0000ff</color>
          <scale>0.6</scale>
          <Icon>
            <href>http://maps.google.com/mapfiles/kml/shapes/placemark_circle.png</href>
          </Icon>
        </IconStyle>
      </Style>
      <Point>
        <altitudeMode>absolute</altitudeMode>
        <coordinates>-91.783716,37.949056840258095,393.38601718921893</coordinates>
      </Point>
    </Placemark>
    <Placemark>
      <name>Drone 263</name>
      <Style>
        <IconStyle>
          <color>ff0000ff</color>
          <scale>0.6</scale>
          <Icon>
            <href>http://maps.google.com/mapfiles/kml/shapes/placemark_circle.png</href>
          </Icon>
        </IconStyle>
      </Style>
      <Point>
        <altitudeMode>absolute</altitudeMode>
        <coordinates>-91.783716,37.94869919736271,361.0821421892189</coordinates>
      </Point>
    </Placemark>
    <Placemark>
      <name>Drone 264</name>
      <Style>
        <IconStyle>
          <color>ff0000ff</color>
          <scale>0.6</scale>
          <Icon>
            <href>http://maps.google.com/mapfiles/kml/shapes/placemark_circle.png</href>
          </Icon>
        </IconStyle>
      </Style>
      <Point>
        <altitudeMode>absolute</altitudeMode>
        <coordinates>-91.783716,37.94803338404043,430.73814218921893</coordinates>
      </Point>
    </Placemark>
    <Placemark>
      <name>Drone 265</name>
      <Style>
        <IconStyle>
          <color>ff0000ff</color>
          <scale>0.6</scale>
          <Icon>
            <href>http://maps.google.com/mapfiles/kml/shapes/placemark_circle.png</href>
          </Icon>
        </IconStyle>
      </Style>
      <Point>
        <altitudeMode>absolute</altitudeMode>
        <coordinates>-91.783716,37.94869919736271,361.0821421892189</coordinates>
      </Point>
    </Placemark>
    <Placemark>
      <name>Drone 266</name>
      <Style>
        <IconStyle>
          <color>ff0000ff</color>
          <scale>0.6</scale>
          <Icon>
            <href>http://maps.google.com/mapfiles/kml/shapes/placemark_circle.png</href>
          </Icon>
        </IconStyle>
      </Style>
      <Point>
        <altitudeMode>absolute</altitudeMode>
        <coordinates>-91.783716,37.948341554467326,393.38564218921897</coordinates>
      </Point>
    </Placemark>
    <Placemark>
      <name>Drone 267</name>
      <Style>
        <IconStyle>
          <color>ff0000ff</color>
          <scale>0.6</scale>
          <Icon>
            <href>http://maps.google.com/mapfiles/kml/shapes/placemark_circle.png</href>
          </Icon>
        </IconStyle>
      </Style>
      <Point>
        <altitudeMode>absolute</altitudeMode>
        <coordinates>-91.783716,37.947883239623835,516.659142189219</coordinates>
      </Point>
    </Placemark>
    <Placemark>
      <name>Drone 268</name>
      <Style>
        <IconStyle>
          <color>ff0000ff</color>
          <scale>0.6</scale>
          <Icon>
            <href>http://maps.google.com/mapfiles/kml/shapes/placemark_circle.png</href>
          </Icon>
        </IconStyle>
      </Style>
      <Point>
        <altitudeMode>absolute</altitudeMode>
        <coordinates>-91.783716,37.947950613270145,524.158142189219</coordinates>
      </Point>
    </Placemark>
    <Placemark>
      <name>Drone 269</name>
      <Style>
        <IconStyle>
          <color>ff0000ff</color>
          <scale>0.6</scale>
          <Icon>
            <href>http://maps.google.com/mapfiles/kml/shapes/placemark_circle.png</href>
          </Icon>
        </IconStyle>
      </Style>
      <Point>
        <altitudeMode>absolute</altitudeMode>
        <coordinates>-91.783716,37.947950613270145,524.158142189219</coordinates>
      </Point>
    </Placemark>
    <Placemark>
      <name>Drone 270</name>
      <Style>
        <IconStyle>
          <color>ff0000ff</color>
          <scale>0.6</scale>
          <Icon>
            <href>http://maps.google.com/mapfiles/kml/shapes/placemark_circle.png</href>
          </Icon>
        </IconStyle>
      </Style>
      <Point>
        <altitudeMode>absolute</altitudeMode>
        <coordinates>-91.783716,37.94869919736271,607.4781421892189</coordinates>
      </Point>
    </Placemark>
    <Placemark>
      <name>Drone 271</name>
      <Style>
        <IconStyle>
          <color>ff0000ff</color>
          <scale>0.6</scale>
          <Icon>
            <href>http://maps.google.com/mapfiles/kml/shapes/placemark_circle.png</href>
          </Icon>
        </IconStyle>
      </Style>
      <Point>
        <altitudeMode>absolute</altitudeMode>
        <coordinates>-91.783716,37.947950613270145,524.158142189219</coordinates>
      </Point>
    </Placemark>
    <Placemark>
      <name>Drone 272</name>
      <Style>
        <IconStyle>
          <color>ff0000ff</color>
          <scale>0.6</scale>
          <Icon>
            <href>http://maps.google.com/mapfiles/kml/shapes/placemark_circle.png</href>
          </Icon>
        </IconStyle>
      </Style>
      <Point>
        <altitudeMode>absolute</altitudeMode>
        <coordinates>-91.783716,37.948170158156906,583.0467671892189</coordinates>
      </Point>
    </Placemark>
    <Placemark>
      <name>Drone 273</name>
      <Style>
        <IconStyle>
          <color>ff0000ff</color>
          <scale>0.6</scale>
          <Icon>
            <href>http://maps.google.com/mapfiles/kml/shapes/placemark_circle.png</href>
          </Icon>
        </IconStyle>
      </Style>
      <Point>
        <altitudeMode>absolute</altitudeMode>
        <coordinates>-91.783716,37.94869919736271,607.4781421892189</coordinates>
      </Point>
    </Placemark>
    <Placemark>
      <name>Drone 274</name>
      <Style>
        <IconStyle>
          <color>ff0000ff</color>
          <scale>0.6</scale>
          <Icon>
            <href>http://maps.google.com/mapfiles/kml/shapes/placemark_circle.png</href>
          </Icon>
        </IconStyle>
      </Style>
      <Point>
        <altitudeMode>absolute</altitudeMode>
        <coordinates>-91.783716,37.94876657100902,614.9781421892189</coordinates>
      </Point>
    </Placemark>
    <Placemark>
      <name>Drone 275</name>
      <Style>
        <IconStyle>
          <color>ff0000ff</color>
          <scale>0.6</scale>
          <Icon>
            <href>http://maps.google.com/mapfiles/kml/shapes/placemark_circle.png</href>
          </Icon>
        </IconStyle>
      </Style>
      <Point>
        <altitudeMode>absolute</altitudeMode>
        <coordinates>-91.783716,37.94876657100902,614.9781421892189</coordinates>
      </Point>
    </Placemark>
    <Placemark>
      <name>Drone 276</name>
      <Style>
        <IconStyle>
          <color>ff0000ff</color>
          <scale>0.6</scale>
          <Icon>
            <href>http://maps.google.com/mapfiles/kml/shapes/placemark_circle.png</href>
          </Icon>
        </IconStyle>
      </Style>
      <Point>
        <altitudeMode>absolute</altitudeMode>
        <coordinates>-91.783716,37.94869919736271,622.4781421892189</coordinates>
      </Point>
    </Placemark>
    <Placemark>
      <name>Drone 277</name>
      <Style>
        <IconStyle>
          <color>ff0000ff</color>
          <scale>0.6</scale>
          <Icon>
            <href>http://maps.google.com/mapfiles/kml/shapes/placemark_circle.png</href>
          </Icon>
        </IconStyle>
      </Style>
      <Point>
        <altitudeMode>absolute</altitudeMode>
        <coordinates>-91.783716,37.94869919736271,622.4781421892189</coordinates>
      </Point>
    </Placemark>
    <Placemark>
      <name>Drone 278</name>
      <Style>
        <IconStyle>
          <color>ff0000ff</color>
          <scale>0.6</scale>
          <Icon>
            <href>http://maps.google.com/mapfiles/kml/shapes/placemark_circle.png</href>
          </Icon>
        </IconStyle>
      </Style>
      <Point>
        <altitudeMode>absolute</altitudeMode>
        <coordinates>-91.783716,37.94781586597753,524.160142189219</coordinates>
      </Point>
    </Placemark>
    <Placemark>
      <name>Drone 279</name>
      <Style>
        <IconStyle>
          <color>ff0000ff</color>
          <scale>0.6</scale>
          <Icon>
            <href>http://maps.google.com/mapfiles/kml/shapes/placemark_circle.png</href>
          </Icon>
        </IconStyle>
      </Style>
      <Point>
        <altitudeMode>absolute</altitudeMode>
        <coordinates>-91.783716,37.94869919736271,622.4781421892189</coordinates>
      </Point>
    </Placemark>
    <Placemark>
      <name>Drone 280</name>
      <Style>
        <IconStyle>
          <color>ff0000ff</color>
          <scale>0.6</scale>
          <Icon>
            <href>http://maps.google.com/mapfiles/kml/shapes/placemark_circle.png</href>
          </Icon>
        </IconStyle>
      </Style>
      <Point>
        <altitudeMode>absolute</altitudeMode>
        <coordinates>-91.783716,37.94825375541883,609.0356236707005</coordinates>
      </Point>
    </Placemark>
    <Placemark>
      <name>Drone 281</name>
      <Style>
        <IconStyle>
          <color>ff0000ff</color>
          <scale>0.6</scale>
          <Icon>
            <href>http://maps.google.com/mapfiles/kml/shapes/placemark_circle.png</href>
          </Icon>
        </IconStyle>
      </Style>
      <Point>
        <altitudeMode>absolute</altitudeMode>
        <coordinates>-91.783716,37.94793668672157,573.7446607077375</coordinates>
      </Point>
    </Placemark>
    <Placemark>
      <name>Drone 282</name>
      <Style>
        <IconStyle>
          <color>ff0000ff</color>
          <scale>0.6</scale>
          <Icon>
            <href>http://maps.google.com/mapfiles/kml/shapes/placemark_circle.png</href>
          </Icon>
        </IconStyle>
      </Style>
      <Point>
        <altitudeMode>absolute</altitudeMode>
        <coordinates>-91.783716,37.94781586597753,524.160142189219</coordinates>
      </Point>
    </Placemark>
    <Placemark>
      <name>Drone 283</name>
      <Style>
        <IconStyle>
          <color>ff0000ff</color>
          <scale>0.6</scale>
          <Icon>
            <href>http://maps.google.com/mapfiles/kml/shapes/placemark_circle.png</href>
          </Icon>
        </IconStyle>
      </Style>
      <Point>
        <altitudeMode>absolute</altitudeMode>
        <coordinates>-91.783716,37.947883239623835,516.659142189219</coordinates>
      </Point>
    </Placemark>
    <Placemark>
      <name>Drone 284</name>
      <Style>
        <IconStyle>
          <color>ff0000ff</color>
          <scale>0.6</scale>
          <Icon>
            <href>http://maps.google.com/mapfiles/kml/shapes/placemark_circle.png</href>
          </Icon>
        </IconStyle>
      </Style>
      <Point>
        <altitudeMode>absolute</altitudeMode>
        <coordinates>-91.783716,37.947883239623835,516.659142189219</coordinates>
      </Point>
    </Placemark>
    <Placemark>
      <name>Drone 285</name>
      <Style>
        <IconStyle>
          <color>ff0000ff</color>
          <scale>0.6</scale>
          <Icon>
            <href>http://maps.google.com/mapfiles/kml/shapes/placemark_circle.png</href>
          </Icon>
        </IconStyle>
      </Style>
      <Point>
        <altitudeMode>absolute</altitudeMode>
        <coordinates>-91.783716,37.947883239623835,516.659142189219</coordinates>
      </Point>
    </Placemark>
    <Placemark>
      <name>Drone 286</name>
      <Style>
        <IconStyle>
          <color>ff0000ff</color>
          <scale>0.6</scale>
          <Icon>
            <href>http://maps.google.com/mapfiles/kml/shapes/placemark_circle.png</href>
          </Icon>
        </IconStyle>
      </Style>
      <Point>
        <altitudeMode>absolute</altitudeMode>
        <coordinates>-91.783716,37.947883239623835,516.659142189219</coordinates>
      </Point>
    </Placemark>
    <Placemark>
      <name>Drone 287</name>
      <Style>
        <IconStyle>
          <color>ff0000ff</color>
          <scale>0.6</scale>
          <Icon>
            <href>http://maps.google.com/mapfiles/kml/shapes/placemark_circle.png</href>
          </Icon>
        </IconStyle>
      </Style>
      <Point>
        <altitudeMode>absolute</altitudeMode>
        <coordinates>-91.783716,37.947883239623835,516.659142189219</coordinates>
      </Point>
    </Placemark>
    <Placemark>
      <name>Drone 288</name>
      <Style>
        <IconStyle>
          <color>ff0000ff</color>
          <scale>0.6</scale>
          <Icon>
            <href>http://maps.google.com/mapfiles/kml/shapes/placemark_circle.png</href>
          </Icon>
        </IconStyle>
      </Style>
      <Point>
        <altitudeMode>absolute</altitudeMode>
        <coordinates>-91.783716,37.94799670582737,497.1811421892189</coordinates>
      </Point>
    </Placemark>
    <Placemark>
      <name>Drone 289</name>
      <Style>
        <IconStyle>
          <color>ff0000ff</color>
          <scale>0.6</scale>
          <Icon>
            <href>http://maps.google.com/mapfiles/kml/shapes/placemark_circle.png</href>
          </Icon>
        </IconStyle>
      </Style>
      <Point>
        <altitudeMode>absolute</altitudeMode>
        <coordinates>-91.783716,37.947910710105226,501.7481421892189</coordinates>
      </Point>
    </Placemark>
    <Placemark>
      <name>Drone 290</name>
      <Style>
        <IconStyle>
          <color>ff0000ff</color>
          <scale>0.6</scale>
          <Icon>
            <href>http://maps.google.com/mapfiles/kml/shapes/placemark_circle.png</href>
          </Icon>
        </IconStyle>
      </Style>
      <Point>
        <altitudeMode>absolute</altitudeMode>
        <coordinates>-91.783716,37.947910710105226,501.7481421892189</coordinates>
      </Point>
    </Placemark>
    <Placemark>
      <name>Drone 291</name>
      <Style>
        <IconStyle>
          <color>ff0000ff</color>
          <scale>0.6</scale>
          <Icon>
            <href>http://maps.google.com/mapfiles/kml/shapes/placemark_circle.png</href>
          </Icon>
        </IconStyle>
      </Style>
      <Point>
        <altitudeMode>absolute</altitudeMode>
        <coordinates>-91.783716,37.9478696840462,492.17514218921895</coordinates>
      </Point>
    </Placemark>
    <Placemark>
      <name>Drone 292</name>
      <Style>
        <IconStyle>
          <color>ff0000ff</color>
          <scale>0.6</scale>
          <Icon>
            <href>http://maps.google.com/mapfiles/kml/shapes/placemark_circle.png</href>
          </Icon>
        </IconStyle>
      </Style>
      <Point>
        <altitudeMode>absolute</altitudeMode>
        <coordinates>-91.783716,37.9478696840462,492.17514218921895</coordinates>
      </Point>
    </Placemark>
    <Placemark>
      <name>Drone 293</name>
      <Style>
        <IconStyle>
          <color>ff0000ff</color>
          <scale>0.6</scale>
          <Icon>
            <href>http://maps.google.com/mapfiles/kml/shapes/placemark_circle.png</href>
          </Icon>
        </IconStyle>
      </Style>
      <Point>
        <altitudeMode>absolute</altitudeMode>
        <coordinates>-91.783716,37.948139618805925,439.96614218921894</coordinates>
      </Point>
    </Placemark>
    <Placemark>
      <name>Drone 294</name>
      <Style>
        <IconStyle>
          <color>ff0000ff</color>
          <scale>0.6</scale>
          <Icon>
            <href>http://maps.google.com/mapfiles/kml/shapes/placemark_circle.png</href>
          </Icon>
        </IconStyle>
      </Style>
      <Point>
        <altitudeMode>absolute</altitudeMode>
        <coordinates>-91.783716,37.9478696840462,492.17514218921895</coordinates>
      </Point>
    </Placemark>
    <Placemark>
      <name>Drone 295</name>
      <Style>
        <IconStyle>
          <color>ff0000ff</color>
          <scale>0.6</scale>
          <Icon>
            <href>http://maps.google.com/mapfiles/kml/shapes/placemark_circle.png</href>
          </Icon>
        </IconStyle>
      </Style>
      <Point>
        <altitudeMode>absolute</altitudeMode>
        <coordinates>-91.783716,37.948139618805925,439.96614218921894</coordinates>
      </Point>
    </Placemark>
    <Placemark>
      <name>Drone 296</name>
      <Style>
        <IconStyle>
          <color>ff0000ff</color>
          <scale>0.6</scale>
          <Icon>
            <href>http://maps.google.com/mapfiles/kml/shapes/placemark_circle.png</href>
          </Icon>
        </IconStyle>
      </Style>
      <Point>
        <altitudeMode>absolute</altitudeMode>
        <coordinates>-91.783716,37.94819278110444,437.07914218921894</coordinates>
      </Point>
    </Placemark>
    <Placemark>
      <name>Drone 297</name>
      <Style>
        <IconStyle>
          <color>ff0000ff</color>
          <scale>0.6</scale>
          <Icon>
            <href>http://maps.google.com/mapfiles/kml/shapes/placemark_circle.png</href>
          </Icon>
        </IconStyle>
      </Style>
      <Point>
        <altitudeMode>absolute</altitudeMode>
        <coordinates>-91.783716,37.94819278110444,437.07914218921894</coordinates>
      </Point>
    </Placemark>
    <Placemark>
      <name>Drone 298</name>
      <Style>
        <IconStyle>
          <color>ff0000ff</color>
          <scale>0.6</scale>
          <Icon>
            <href>http://maps.google.com/mapfiles/kml/shapes/placemark_circle.png</href>
          </Icon>
        </IconStyle>
      </Style>
      <Point>
        <altitudeMode>absolute</altitudeMode>
        <coordinates>-91.783716,37.948234184455885,438.66614218921893</coordinates>
      </Point>
    </Placemark>
    <Placemark>
      <name>Drone 299</name>
      <Style>
        <IconStyle>
          <color>ff0000ff</color>
          <scale>0.6</scale>
          <Icon>
            <href>http://maps.google.com/mapfiles/kml/shapes/placemark_circle.png</href>
          </Icon>
        </IconStyle>
      </Style>
      <Point>
        <altitudeMode>absolute</altitudeMode>
        <coordinates>-91.783716,37.948234184455885,438.66614218921893</coordinates>
      </Point>
    </Placemark>
    <Placemark>
      <name>Drone 300</name>
      <Style>
        <IconStyle>
          <color>ff0000ff</color>
          <scale>0.6</scale>
          <Icon>
            <href>http://maps.google.com/mapfiles/kml/shapes/placemark_circle.png</href>
          </Icon>
        </IconStyle>
      </Style>
      <Point>
        <altitudeMode>absolute</altitudeMode>
        <coordinates>-91.783716,37.94824585357143,449.1931421892189</coordinates>
      </Point>
    </Placemark>
    <Placemark>
      <name>Drone 301</name>
      <Style>
        <IconStyle>
          <color>ff0000ff</color>
          <scale>0.6</scale>
          <Icon>
            <href>http://maps.google.com/mapfiles/kml/shapes/placemark_circle.png</href>
          </Icon>
        </IconStyle>
      </Style>
      <Point>
        <altitudeMode>absolute</altitudeMode>
        <coordinates>-91.783716,37.94824585357143,449.1931421892189</coordinates>
      </Point>
    </Placemark>
    <Placemark>
      <name>Drone 302</name>
      <Style>
        <IconStyle>
          <color>ff0000ff</color>
          <scale>0.6</scale>
          <Icon>
            <href>http://maps.google.com/mapfiles/kml/shapes/placemark_circle.png</href>
          </Icon>
        </IconStyle>
      </Style>
      <Point>
        <altitudeMode>absolute</altitudeMode>
        <coordinates>-91.783716,37.94799670582737,497.1811421892189</coordinates>
      </Point>
    </Placemark>
    <Placemark>
      <name>Drone 303</name>
      <Style>
        <IconStyle>
          <color>ff0000ff</color>
          <scale>0.6</scale>
          <Icon>
            <href>http://maps.google.com/mapfiles/kml/shapes/placemark_circle.png</href>
          </Icon>
        </IconStyle>
      </Style>
      <Point>
        <altitudeMode>absolute</altitudeMode>
        <coordinates>-91.783716,37.94824585357143,449.1931421892189</coordinates>
      </Point>
    </Placemark>
  </Document>
</kml>
